time,open,high,low,close,volume
2025-06-30 10:02:00,2450.0,2453.76,2450.0,2453.76,35.9452887
2025-06-30 10:03:00,2453.48,2453.48,2452.98,2453.13,0.825371
2025-06-30 10:04:00,2452.25,2452.25,2452.25,2452.25,0.15262037
2025-06-30 10:05:00,2452.25,2452.25,2452.25,2452.25,0.01304305
2025-06-30 10:06:00,2452.25,2452.84,2452.25,2452.84,0.14034876
2025-06-30 10:07:00,2452.84,2452.84,2452.84,2452.84,0.00944731
2025-06-30 10:08:00,2452.84,2452.84,2452.84,2452.84,0.0
2025-06-30 10:09:00,2452.84,2452.84,2452.84,2452.84,0.00041177
2025-06-30 10:10:00,2452.83,2452.83,2450.79,2450.79,16.90769233
2025-06-30 10:11:00,2451.35,2451.35,2451.35,2451.35,0.02619978
2025-06-30 10:12:00,2451.14,2452.72,2451.14,2452.72,4.53493834
2025-06-30 10:13:00,2452.72,2452.72,2450.46,2450.46,4.72265143
2025-06-30 10:14:00,2450.73,2451.0,2450.73,2451.0,1.36215
2025-06-30 10:15:00,2450.99,2450.99,2447.7,2448.22,8.44107803
2025-06-30 10:16:00,2448.22,2448.49,2448.22,2448.49,3.85039222
2025-06-30 10:17:00,2448.49,2448.49,2447.94,2447.94,1.91675563
2025-06-30 10:18:00,2447.99,2448.98,2447.99,2448.98,3.42619172
2025-06-30 10:19:00,2450.59,2451.28,2450.58,2451.28,4.87096631
2025-06-30 10:20:00,2451.28,2452.03,2451.28,2452.03,5.09774147
2025-06-30 10:21:00,2452.1,2452.1,2451.29,2451.29,11.90467562
2025-06-30 10:22:00,2452.53,2453.03,2452.53,2453.03,0.11047514
2025-06-30 10:23:00,2453.75,2453.76,2453.75,2453.76,0.59174924
2025-06-30 10:24:00,2453.76,2453.76,2453.76,2453.76,0.02027551
2025-06-30 10:25:00,2453.75,2453.75,2453.75,2453.75,0.00755023
2025-06-30 10:26:00,2453.76,2453.76,2453.75,2453.75,0.04144918
2025-06-30 10:27:00,2453.76,2453.76,2453.76,2453.76,0.00817928
2025-06-30 10:28:00,2453.76,2453.76,2453.76,2453.76,1.0
2025-06-30 10:29:00,2453.75,2453.75,2453.07,2453.07,4.10202396
2025-06-30 10:30:00,2452.28,2452.28,2452.28,2452.28,1.14919015
2025-06-30 10:31:00,2452.28,2452.29,2452.28,2452.29,0.02231958
2025-06-30 10:32:00,2452.29,2452.29,2451.86,2451.86,4.0203338
2025-06-30 10:33:00,2451.87,2451.87,2451.87,2451.87,0.0278833
2025-06-30 10:34:00,2451.87,2454.0,2451.87,2454.0,1.77227941
2025-06-30 10:35:00,2454.0,2454.0,2454.0,2454.0,0.04674438
2025-06-30 10:36:00,2454.0,2456.21,2454.0,2456.21,5.75503151
2025-06-30 10:37:00,2456.24,2457.11,2456.24,2457.1,0.99283168
2025-06-30 10:38:00,2457.11,2457.58,2457.11,2457.58,4.90409866
2025-06-30 10:39:00,2457.58,2457.58,2457.58,2457.58,7.84230185
2025-06-30 10:40:00,2458.31,2458.61,2457.36,2457.36,2.26724884
2025-06-30 10:41:00,2457.37,2457.37,2457.37,2457.37,0.01238871
2025-06-30 10:42:00,2457.37,2457.37,2457.37,2457.37,0.01514387
2025-06-30 10:43:00,2457.37,2457.37,2457.37,2457.37,0.0
2025-06-30 10:44:00,2457.37,2457.37,2457.37,2457.37,0.28203443
2025-06-30 10:45:00,2457.36,2457.36,2457.36,2457.36,0.711
2025-06-30 10:46:00,2457.36,2457.37,2457.36,2457.37,0.15552976
2025-06-30 10:47:00,2457.37,2457.37,2457.36,2457.36,0.10981403
2025-06-30 10:48:00,2457.37,2457.82,2457.37,2457.82,0.05984927
2025-06-30 10:49:00,2457.37,2457.37,2457.37,2457.37,9.43271058
2025-06-30 10:50:00,2457.37,2457.37,2457.37,2457.37,0.0
2025-06-30 10:51:00,2457.37,2457.37,2457.37,2457.37,0.06991992
2025-06-30 10:52:00,2457.37,2457.37,2457.37,2457.37,0.10332246
2025-06-30 10:53:00,2457.37,2457.37,2457.36,2457.36,0.10644675
2025-06-30 10:54:00,2457.37,2457.96,2457.36,2457.96,0.12112947
2025-06-30 10:55:00,2457.53,2457.53,2457.36,2457.36,1.06891668
2025-06-30 10:56:00,2457.36,2457.36,2457.36,2457.36,0.0
2025-06-30 10:57:00,2457.37,2457.37,2457.37,2457.37,0.0036582
2025-06-30 10:58:00,2457.37,2457.37,2457.37,2457.37,0.00157258
2025-06-30 10:59:00,2457.37,2457.37,2457.36,2457.37,0.11685363
2025-06-30 11:00:00,2457.37,2457.37,2457.36,2457.37,0.81855851
2025-06-30 11:01:00,2457.37,2457.37,2457.36,2457.36,2.86170822
2025-06-30 11:02:00,2457.36,2457.37,2457.0,2457.0,15.81957492
2025-06-30 11:03:00,2457.0,2457.0,2454.47,2454.47,5.07338486
2025-06-30 11:04:00,2454.34,2454.44,2454.03,2454.44,0.16041762
2025-06-30 11:05:00,2455.49,2455.62,2455.49,2455.62,0.00876314
2025-06-30 11:06:00,2455.62,2458.71,2455.62,2458.71,2.1620918
2025-06-30 11:07:00,2459.44,2459.44,2459.44,2459.44,0.14157812
2025-06-30 11:08:00,2459.44,2459.75,2459.44,2459.75,3.00013668
2025-06-30 11:09:00,2458.55,2458.61,2458.55,2458.61,2.811
2025-06-30 11:10:00,2458.98,2459.12,2458.98,2459.12,0.17004683
2025-06-30 11:11:00,2459.12,2459.12,2459.12,2459.12,0.05226029
2025-06-30 11:12:00,2459.12,2459.52,2459.12,2459.52,5.82961212
2025-06-30 11:13:00,2459.52,2459.52,2459.51,2459.51,0.5560231
2025-06-30 11:14:00,2459.52,2459.52,2459.52,2459.52,0.02336799
2025-06-30 11:15:00,2459.52,2459.52,2459.51,2459.51,1.05401804
2025-06-30 11:16:00,2459.51,2459.51,2459.51,2459.51,0.0
2025-06-30 11:17:00,2459.0,2459.0,2459.0,2459.0,0.00903135
2025-06-30 11:18:00,2459.0,2464.08,2459.0,2464.08,67.96202854
2025-06-30 11:19:00,2464.13,2464.13,2463.88,2463.88,3.44503219
2025-06-30 11:20:00,2463.88,2463.88,2463.88,2463.88,0.0
2025-06-30 11:21:00,2463.81,2463.81,2463.81,2463.81,0.00264859
2025-06-30 11:22:00,2464.56,2464.56,2464.56,2464.56,0.00637002
2025-06-30 11:23:00,2464.77,2466.87,2464.77,2466.87,10.5584423
2025-06-30 11:24:00,2466.13,2466.13,2465.37,2465.37,2.87147316
2025-06-30 11:25:00,2464.77,2464.77,2464.77,2464.77,0.51331638
2025-06-30 11:26:00,2464.77,2464.77,2463.81,2463.81,0.26708612
2025-06-30 11:27:00,2463.81,2463.81,2463.81,2463.81,2.805
2025-06-30 11:28:00,2463.8,2463.8,2463.8,2463.8,0.01873145
2025-06-30 11:29:00,2463.81,2463.81,2463.8,2463.81,0.56187409
2025-06-30 11:30:00,2464.16,2464.22,2464.16,2464.22,0.52436329
2025-06-30 11:31:00,2464.0,2464.0,2463.29,2463.29,10.15712792
2025-06-30 11:32:00,2463.8,2464.31,2463.8,2464.31,0.18114398
2025-06-30 11:33:00,2464.4,2465.39,2464.4,2465.38,1.79893722
2025-06-30 11:34:00,2465.38,2465.39,2465.38,2465.39,0.44464182
2025-06-30 11:35:00,2465.03,2465.28,2465.03,2465.28,1.79449954
2025-06-30 11:36:00,2465.55,2465.55,2465.54,2465.54,0.10141941
2025-06-30 11:37:00,2465.54,2466.92,2465.54,2466.61,163.038335
2025-06-30 11:38:00,2466.55,2467.21,2466.49,2467.0,43.34846283
2025-06-30 11:39:00,2467.0,2467.01,2467.0,2467.0,7.62162649
2025-06-30 11:40:00,2464.23,2464.24,2463.01,2463.01,0.36000316
2025-06-30 11:41:00,2463.01,2463.68,2463.01,2463.55,0.71916978
2025-06-30 11:42:00,2463.01,2463.01,2463.01,2463.01,0.01500992
2025-06-30 11:43:00,2463.0,2463.22,2462.18,2463.22,0.07748456
2025-06-30 11:44:00,2463.36,2463.36,2463.35,2463.35,0.03098199
2025-06-30 11:45:00,2463.4,2464.54,2463.4,2464.54,0.1813444
2025-06-30 11:46:00,2464.73,2464.77,2464.73,2464.77,2.90246684
2025-06-30 11:47:00,2464.9,2464.98,2464.9,2464.9,0.54628843
2025-06-30 11:48:00,2465.05,2465.38,2465.05,2465.38,0.821237
2025-06-30 11:49:00,2465.23,2465.23,2464.51,2464.51,3.38609808
2025-06-30 11:50:00,2464.61,2465.45,2464.6,2465.45,3.18361156
2025-06-30 11:51:00,2465.72,2465.8,2465.72,2465.8,2.8013
2025-06-30 11:52:00,2465.43,2465.44,2465.43,2465.44,2.90868604
2025-06-30 11:53:00,2465.43,2465.43,2464.98,2464.99,5.11513581
2025-06-30 11:54:00,2464.98,2464.98,2462.4,2462.4,0.78281544
2025-06-30 11:55:00,2461.95,2461.95,2458.61,2458.61,164.61351387
2025-06-30 11:56:00,2459.96,2459.96,2459.21,2459.21,0.56459166
2025-06-30 11:57:00,2460.3,2460.53,2460.3,2460.5,3.0895249
2025-06-30 11:58:00,2460.61,2460.69,2460.61,2460.69,0.67211001
2025-06-30 11:59:00,2460.69,2460.69,2460.69,2460.69,0.87516782
2025-06-30 12:00:00,2459.0,2459.44,2458.82,2459.05,0.23922367
2025-06-30 12:01:00,2459.16,2459.19,2459.14,2459.14,1.50447306
2025-06-30 12:02:00,2460.18,2460.18,2460.18,2460.18,0.24553455
2025-06-30 12:03:00,2460.26,2460.27,2460.26,2460.27,0.36348927
2025-06-30 12:04:00,2460.27,2460.78,2460.27,2460.73,4.00609684
2025-06-30 12:05:00,2460.83,2461.19,2460.81,2461.19,0.17029451
2025-06-30 12:06:00,2461.08,2461.12,2461.08,2461.12,1.95259231
2025-06-30 12:07:00,2461.71,2461.71,2461.71,2461.71,0.01429562
2025-06-30 12:08:00,2462.42,2463.88,2462.42,2463.88,1.02608821
2025-06-30 12:09:00,2463.65,2464.32,2463.65,2464.31,0.16759666
2025-06-30 12:10:00,2464.32,2464.32,2463.52,2463.53,0.24704771
2025-06-30 12:11:00,2462.82,2462.83,2462.82,2462.83,0.03804782
2025-06-30 12:12:00,2463.15,2463.15,2463.15,2463.15,0.01701318
2025-06-30 12:13:00,2462.92,2462.92,2462.91,2462.92,0.27943301
2025-06-30 12:14:00,2462.92,2462.92,2462.91,2462.92,0.62865637
2025-06-30 12:15:00,2462.74,2462.74,2462.74,2462.74,0.01556314
2025-06-30 12:16:00,2463.41,2465.0,2463.41,2464.51,0.47200144
2025-06-30 12:17:00,2464.51,2464.51,2464.51,2464.51,0.0
2025-06-30 12:18:00,2464.25,2464.98,2464.25,2464.97,1.18748336
2025-06-30 12:19:00,2464.98,2464.98,2464.61,2464.61,1.21373681
2025-06-30 12:20:00,2464.61,2465.11,2464.61,2464.89,0.60640545
2025-06-30 12:21:00,2464.9,2464.9,2463.8,2463.8,0.31728826
2025-06-30 12:22:00,2463.6,2463.6,2463.6,2463.6,0.03160846
2025-06-30 12:23:00,2463.3,2463.43,2463.0,2463.0,0.21462728
2025-06-30 12:24:00,2461.77,2461.77,2461.76,2461.76,2.72410277
2025-06-30 12:25:00,2461.76,2462.82,2461.76,2462.81,0.33960602
2025-06-30 12:26:00,2462.82,2463.53,2462.82,2463.53,7.56622693
2025-06-30 12:27:00,2463.29,2463.29,2463.11,2463.11,0.29367424
2025-06-30 12:28:00,2462.75,2462.75,2462.75,2462.75,0.10393561
2025-06-30 12:29:00,2463.31,2463.46,2462.81,2463.04,2.15972387
2025-06-30 12:30:00,2463.66,2464.55,2463.66,2464.55,4.28118081
2025-06-30 12:31:00,2464.9,2464.9,2464.89,2464.9,1.98360368
2025-06-30 12:32:00,2464.89,2464.89,2461.77,2461.77,0.83295687
2025-06-30 12:33:00,2461.77,2461.77,2459.3,2459.3,2.93340922
2025-06-30 12:34:00,2459.29,2460.65,2459.29,2460.65,0.06280709
2025-06-30 12:35:00,2461.19,2461.93,2461.19,2461.93,0.92150817
2025-06-30 12:36:00,2461.3,2462.09,2461.3,2462.08,0.88123568
2025-06-30 12:37:00,2462.42,2463.0,2462.42,2462.99,0.09675645
2025-06-30 12:38:00,2462.72,2463.29,2462.72,2463.29,1.64827145
2025-06-30 12:39:00,2463.21,2463.22,2463.21,2463.22,0.52011946
2025-06-30 12:40:00,2463.22,2464.56,2463.22,2464.56,1.00901107
2025-06-30 12:41:00,2464.56,2464.56,2464.56,2464.56,0.0
2025-06-30 12:42:00,2464.9,2465.11,2464.9,2465.11,0.03581568
2025-06-30 12:43:00,2465.11,2465.11,2465.1,2465.1,4.08856529
2025-06-30 12:44:00,2463.98,2463.98,2463.97,2463.97,0.03653174
2025-06-30 12:45:00,2463.98,2463.98,2463.98,2463.98,2.525036
2025-06-30 12:46:00,2463.98,2463.98,2463.0,2463.0,12.30252531
2025-06-30 12:47:00,2462.11,2462.11,2462.11,2462.11,0.0189154
2025-06-30 12:48:00,2461.85,2461.85,2461.85,2461.85,0.05438853
2025-06-30 12:49:00,2461.85,2461.85,2460.52,2460.53,5.31446621
2025-06-30 12:50:00,2460.52,2460.52,2459.3,2459.3,7.45600352
2025-06-30 12:51:00,2459.3,2459.3,2459.29,2459.3,1.52616271
2025-06-30 12:52:00,2459.3,2460.51,2459.3,2460.51,2.11545645
2025-06-30 12:53:00,2460.52,2460.52,2460.52,2460.52,0.1198659
2025-06-30 12:54:00,2460.52,2460.52,2459.85,2460.15,0.68738786
2025-06-30 12:55:00,2460.15,2460.15,2460.15,2460.15,1.00375242
2025-06-30 12:56:00,2459.52,2460.26,2459.52,2460.26,0.03374894
2025-06-30 12:57:00,2460.26,2460.51,2460.26,2460.51,6.23920311
2025-06-30 12:58:00,2460.51,2460.51,2460.51,2460.51,0.02145557
2025-06-30 12:59:00,2460.52,2460.52,2459.93,2459.93,0.31001307
2025-06-30 13:00:00,2460.52,2461.85,2460.51,2461.85,1.59092823
2025-06-30 13:01:00,2461.85,2463.96,2461.85,2463.96,2.40863924
2025-06-30 13:02:00,2463.83,2464.09,2463.83,2463.85,1.57353444
2025-06-30 13:03:00,2463.92,2464.9,2463.92,2464.89,0.71885116
2025-06-30 13:04:00,2464.16,2464.16,2463.69,2463.69,2.11802596
2025-06-30 13:05:00,2463.01,2463.64,2463.01,2463.54,5.52964265
2025-06-30 13:06:00,2463.94,2464.09,2463.93,2464.08,1.67646154
2025-06-30 13:07:00,2464.08,2464.09,2462.02,2462.02,0.73979682
2025-06-30 13:08:00,2462.14,2463.22,2462.14,2462.88,0.72526009
2025-06-30 13:09:00,2462.89,2464.41,2462.89,2464.41,0.47482945
2025-06-30 13:10:00,2464.4,2464.4,2463.64,2463.68,2.56171221
2025-06-30 13:11:00,2464.42,2464.9,2464.14,2464.9,0.02770421
2025-06-30 13:12:00,2464.9,2464.99,2464.9,2464.9,0.10732603
2025-06-30 13:13:00,2464.89,2464.93,2464.89,2464.93,0.52582304
2025-06-30 13:14:00,2464.93,2464.93,2464.91,2464.91,0.00354373
2025-06-30 13:15:00,2464.92,2464.92,2464.89,2464.9,0.46064759
2025-06-30 13:16:00,2464.9,2464.92,2464.9,2464.92,0.2482885
2025-06-30 13:17:00,2464.9,2464.9,2464.9,2464.9,0.01639615
2025-06-30 13:18:00,2464.9,2466.86,2464.9,2466.86,5.19048017
2025-06-30 13:19:00,2466.6,2466.6,2466.6,2466.6,0.47538288
2025-06-30 13:20:00,2466.61,2467.69,2466.61,2467.6,6.4110333
2025-06-30 13:21:00,2467.6,2471.27,2467.6,2471.27,47.34087904
2025-06-30 13:22:00,2470.66,2470.93,2470.56,2470.79,7.05117967
2025-06-30 13:23:00,2471.56,2472.01,2471.56,2472.01,51.89631088
2025-06-30 13:24:00,2472.32,2473.56,2472.32,2473.56,0.79402319
2025-06-30 13:25:00,2473.57,2474.35,2473.56,2473.56,4.15143249
2025-06-30 13:26:00,2473.56,2473.56,2472.01,2472.01,0.46915275
2025-06-30 13:27:00,2472.0,2472.01,2472.0,2472.0,1.03144785
2025-06-30 13:28:00,2472.01,2473.81,2472.0,2473.81,6.4553667
2025-06-30 13:29:00,2473.82,2474.55,2473.82,2474.54,0.05773289
2025-06-30 13:30:00,2473.34,2474.54,2472.59,2474.54,0.05940796
2025-06-30 13:31:00,2474.55,2475.0,2472.01,2472.01,115.40876333
2025-06-30 13:32:00,2472.0,2472.0,2471.66,2471.66,1.29310294
2025-06-30 13:33:00,2470.42,2470.42,2464.9,2464.9,17.85443424
2025-06-30 13:34:00,2465.1,2465.1,2464.9,2464.9,0.30591905
2025-06-30 13:35:00,2464.89,2465.63,2460.06,2460.06,167.96336452
2025-06-30 13:36:00,2461.38,2462.04,2460.84,2461.37,4.01196904
2025-06-30 13:37:00,2462.42,2466.13,2462.42,2466.13,0.85582408
2025-06-30 13:38:00,2466.13,2467.37,2465.71,2467.37,0.08603134
2025-06-30 13:39:00,2468.51,2468.51,2466.93,2466.93,3.20296886
2025-06-30 13:40:00,2465.48,2465.48,2463.53,2464.65,1.41199475
2025-06-30 13:41:00,2464.41,2464.75,2464.41,2464.75,0.38463943
2025-06-30 13:42:00,2464.41,2464.41,2464.41,2464.41,0.02029695
2025-06-30 13:43:00,2464.5,2466.47,2464.5,2465.3,0.49568485
2025-06-30 13:44:00,2464.23,2464.78,2464.2,2464.54,1.23395649
2025-06-30 13:45:00,2464.54,2464.54,2464.54,2464.54,0.0
2025-06-30 13:46:00,2466.13,2467.05,2465.11,2465.17,7.30369102
2025-06-30 13:47:00,2465.49,2465.49,2465.48,2465.48,0.92625048
2025-06-30 13:48:00,2464.73,2465.88,2464.73,2465.88,0.50866572
2025-06-30 13:49:00,2467.37,2468.06,2463.0,2463.0,0.49686645
2025-06-30 13:50:00,2462.0,2462.0,2460.53,2460.53,10.20172581
2025-06-30 13:51:00,2461.49,2461.49,2461.49,2461.49,0.45003844
2025-06-30 13:52:00,2461.73,2462.9,2461.73,2461.97,2.50624287
2025-06-30 13:53:00,2461.97,2462.33,2461.77,2462.33,2.57577746
2025-06-30 13:54:00,2463.65,2463.66,2462.28,2462.28,4.06332743
2025-06-30 13:55:00,2462.91,2463.65,2462.91,2463.65,0.03335191
2025-06-30 13:56:00,2463.66,2463.66,2463.46,2463.47,0.11808246
2025-06-30 13:57:00,2463.46,2463.46,2463.46,2463.46,0.14549435
2025-06-30 13:58:00,2461.76,2463.37,2461.33,2463.37,37.32261437
2025-06-30 13:59:00,2462.39,2462.39,2462.39,2462.39,0.02712542
2025-06-30 14:00:00,2463.61,2464.4,2462.68,2462.95,41.99640057
2025-06-30 14:01:00,2464.9,2465.07,2464.89,2464.89,0.03754302
2025-06-30 14:02:00,2464.55,2465.07,2464.17,2465.07,0.18921336
2025-06-30 14:03:00,2464.17,2464.17,2463.42,2463.42,1.80578556
2025-06-30 14:04:00,2463.01,2464.01,2462.15,2464.01,0.40694569
2025-06-30 14:05:00,2464.01,2464.01,2464.01,2464.01,12.18175756
2025-06-30 14:06:00,2464.0,2464.0,2461.77,2461.77,1.12393744
2025-06-30 14:07:00,2462.01,2462.01,2460.02,2460.02,2.09156673
2025-06-30 14:08:00,2460.0,2460.0,2452.13,2452.13,34.75111514
2025-06-30 14:09:00,2453.6,2454.71,2453.16,2454.71,8.90713329
2025-06-30 14:10:00,2454.19,2454.62,2452.91,2452.91,4.15232526
2025-06-30 14:11:00,2452.92,2458.04,2452.92,2458.04,0.20891162
2025-06-30 14:12:00,2458.71,2462.0,2458.71,2462.0,6.94460857
2025-06-30 14:13:00,2462.0,2463.97,2462.0,2463.97,2.84321171
2025-06-30 14:14:00,2463.97,2466.13,2463.97,2465.69,1.53880858
2025-06-30 14:15:00,2466.59,2470.11,2466.59,2470.11,0.34454172
2025-06-30 14:16:00,2470.1,2470.1,2465.77,2467.08,14.45701596
2025-06-30 14:17:00,2465.5,2467.19,2465.5,2466.8,0.65676106
2025-06-30 14:18:00,2466.79,2466.79,2459.95,2460.01,16.91507018
2025-06-30 14:19:00,2460.53,2460.59,2460.53,2460.59,5.3855099
2025-06-30 14:20:00,2460.91,2460.91,2458.92,2458.92,0.04928706
2025-06-30 14:21:00,2458.05,2458.05,2456.4,2457.92,4.18948712
2025-06-30 14:22:00,2458.71,2459.3,2458.29,2458.88,6.21542177
2025-06-30 14:23:00,2456.85,2458.27,2456.85,2457.3,1.30836106
2025-06-30 14:24:00,2458.8,2459.2,2458.8,2459.2,2.63169572
2025-06-30 14:25:00,2459.68,2459.68,2454.34,2454.35,50.12343982
2025-06-30 14:26:00,2454.34,2456.09,2454.34,2456.09,0.41054007
2025-06-30 14:27:00,2456.09,2457.47,2456.09,2457.47,4.30044661
2025-06-30 14:28:00,2457.47,2458.23,2454.1,2458.23,122.79304374
2025-06-30 14:29:00,2458.22,2458.71,2458.22,2458.71,0.045224
2025-06-30 14:30:00,2458.72,2458.72,2456.82,2456.82,2.50204538
2025-06-30 14:31:00,2456.81,2457.82,2456.81,2456.82,6.87194877
2025-06-30 14:32:00,2457.64,2459.71,2457.64,2459.71,55.96353209
2025-06-30 14:33:00,2459.94,2459.94,2458.65,2459.34,0.66178204
2025-06-30 14:34:00,2458.87,2458.87,2458.87,2458.87,3.30331756
2025-06-30 14:35:00,2459.69,2461.19,2459.69,2461.19,1.05059927
2025-06-30 14:36:00,2461.19,2463.85,2461.19,2463.84,8.72490318
2025-06-30 14:37:00,2463.85,2463.85,2463.39,2463.39,0.10797047
2025-06-30 14:38:00,2461.76,2461.76,2460.12,2460.13,2.32913753
2025-06-30 14:39:00,2460.12,2460.95,2459.81,2460.58,1.07637041
2025-06-30 14:40:00,2460.12,2461.09,2460.12,2461.09,0.06351212
2025-06-30 14:41:00,2461.66,2461.66,2461.66,2461.66,0.00118621
2025-06-30 14:42:00,2461.29,2461.29,2461.29,2461.29,0.04607976
2025-06-30 14:43:00,2461.28,2462.9,2461.28,2461.98,73.93743973
2025-06-30 14:44:00,2461.99,2462.55,2461.88,2461.88,2.02175168
2025-06-30 14:45:00,2461.88,2461.88,2460.52,2460.52,3.28342716
2025-06-30 14:46:00,2460.53,2460.53,2460.37,2460.52,1.78368011
2025-06-30 14:47:00,2461.0,2461.01,2460.52,2460.78,4.51575536
2025-06-30 14:48:00,2460.77,2460.78,2460.26,2460.26,1.36313294
2025-06-30 14:49:00,2460.26,2460.26,2458.06,2458.06,0.35784632
2025-06-30 14:50:00,2458.05,2458.05,2455.09,2455.31,326.71896445
2025-06-30 14:51:00,2455.01,2455.01,2455.01,2455.01,1.83877135
2025-06-30 14:52:00,2455.01,2455.01,2453.68,2453.8,7.17364613
2025-06-30 14:53:00,2453.8,2453.8,2447.53,2447.53,19.69709003
2025-06-30 14:54:00,2447.28,2448.37,2444.44,2448.37,65.82154028
2025-06-30 14:55:00,2447.9,2450.5,2447.17,2450.5,10.79524134
2025-06-30 14:56:00,2450.25,2451.73,2450.25,2451.23,5.4618409
2025-06-30 14:57:00,2450.66,2450.66,2435.45,2436.21,71.58957083
2025-06-30 14:58:00,2436.89,2440.99,2436.52,2437.3,14.94745983
2025-06-30 14:59:00,2438.93,2440.89,2438.13,2438.13,0.55672768
2025-06-30 15:00:00,2439.22,2442.19,2439.09,2442.19,23.99565247
2025-06-30 15:01:00,2441.3,2441.3,2437.6,2437.6,0.40711798
2025-06-30 15:02:00,2439.99,2442.14,2439.99,2442.0,4.18421941
2025-06-30 15:03:00,2442.19,2443.01,2442.19,2443.01,11.37586194
2025-06-30 15:04:00,2443.65,2443.65,2442.73,2442.82,4.85906071
2025-06-30 15:05:00,2444.49,2444.49,2443.26,2443.26,26.29669604
2025-06-30 15:06:00,2443.26,2443.26,2443.26,2443.26,0.0
2025-06-30 15:07:00,2443.05,2444.19,2442.74,2444.19,63.08281899
2025-06-30 15:08:00,2444.19,2447.04,2444.19,2447.04,4.50209847
2025-06-30 15:09:00,2447.06,2447.66,2447.06,2447.58,3.08418217
2025-06-30 15:10:00,2448.19,2448.19,2447.93,2447.93,7.38040823
2025-06-30 15:11:00,2447.55,2447.55,2446.04,2446.35,1.19558519
2025-06-30 15:12:00,2446.54,2446.65,2446.05,2446.59,5.82613626
2025-06-30 15:13:00,2446.59,2446.59,2446.05,2446.05,3.26105558
2025-06-30 15:14:00,2446.04,2446.77,2443.78,2446.76,76.80472172
2025-06-30 15:15:00,2446.73,2446.73,2444.39,2446.55,5.24766113
2025-06-30 15:16:00,2447.22,2447.22,2446.41,2446.42,5.15273494
2025-06-30 15:17:00,2443.36,2446.32,2443.35,2446.32,2.89131496
2025-06-30 15:18:00,2446.9,2446.9,2442.59,2442.59,5.73002246
2025-06-30 15:19:00,2442.11,2444.82,2442.1,2444.7,10.90104066
2025-06-30 15:20:00,2443.73,2443.73,2442.38,2443.05,5.88162083
2025-06-30 15:21:00,2445.85,2447.86,2445.85,2447.86,4.14019136
2025-06-30 15:22:00,2447.82,2448.76,2447.82,2448.76,0.65144228
2025-06-30 15:23:00,2448.77,2450.28,2448.77,2450.27,1.73948563
2025-06-30 15:24:00,2450.61,2451.93,2450.61,2451.87,3.69332239
2025-06-30 15:25:00,2451.87,2452.12,2451.24,2452.12,2.94373364
2025-06-30 15:26:00,2451.47,2452.17,2451.47,2452.0,9.97337775
2025-06-30 15:27:00,2451.68,2451.83,2451.68,2451.83,1.73459049
2025-06-30 15:28:00,2450.14,2457.56,2450.14,2457.56,19.69632664
2025-06-30 15:29:00,2457.71,2464.09,2457.71,2464.09,49.66288226
2025-06-30 15:30:00,2463.9,2465.0,2463.56,2463.56,5.73856117
2025-06-30 15:31:00,2462.4,2464.71,2460.42,2460.42,41.17232581
2025-06-30 15:32:00,2460.04,2460.04,2460.04,2460.04,1.55468182
2025-06-30 15:33:00,2461.07,2462.31,2460.61,2460.61,87.51373584
2025-06-30 15:34:00,2461.47,2461.47,2460.56,2461.39,7.48574306
2025-06-30 15:35:00,2459.67,2461.99,2459.67,2461.62,0.23493418
2025-06-30 15:36:00,2463.02,2464.68,2463.02,2463.66,0.33196899
2025-06-30 15:37:00,2464.15,2464.48,2463.33,2463.33,1.93391078
2025-06-30 15:38:00,2464.03,2464.03,2464.03,2464.03,7.488
2025-06-30 15:39:00,2463.39,2464.78,2462.1,2463.96,49.12119875
2025-06-30 15:40:00,2463.95,2465.39,2463.75,2465.38,22.95005674
2025-06-30 15:41:00,2465.51,2465.51,2464.78,2465.15,2.24557526
2025-06-30 15:42:00,2466.3,2466.3,2465.16,2465.72,109.60675516
2025-06-30 15:43:00,2465.74,2465.74,2465.73,2465.73,1.43432964
2025-06-30 15:44:00,2465.74,2465.74,2463.09,2464.1,164.01455443
2025-06-30 15:45:00,2464.11,2468.96,2464.1,2467.97,1.83294137
2025-06-30 15:46:00,2469.04,2479.0,2469.04,2478.25,47.82722458
2025-06-30 15:47:00,2479.0,2488.95,2479.0,2481.76,205.69282246
2025-06-30 15:48:00,2481.8,2482.1,2479.94,2479.94,9.72761164
2025-06-30 15:49:00,2480.19,2480.19,2479.94,2480.18,0.2547095
2025-06-30 15:50:00,2480.19,2480.19,2478.02,2479.5,40.9692513
2025-06-30 15:51:00,2479.81,2481.99,2475.06,2475.06,19.22022265
2025-06-30 15:52:00,2475.0,2475.01,2471.68,2472.49,20.99387678
2025-06-30 15:53:00,2473.59,2473.65,2473.09,2473.65,0.22648813
2025-06-30 15:54:00,2473.01,2474.14,2472.74,2474.04,35.15300621
2025-06-30 15:55:00,2474.09,2475.12,2474.09,2475.12,0.7626187
2025-06-30 15:56:00,2474.81,2476.53,2474.43,2476.53,27.93734284
2025-06-30 15:57:00,2476.54,2477.85,2474.58,2474.58,1.23976917
2025-06-30 15:58:00,2474.57,2474.57,2473.65,2473.65,11.34725366
2025-06-30 15:59:00,2473.62,2475.39,2473.62,2475.38,0.23763627
2025-06-30 16:00:00,2475.15,2476.34,2475.15,2475.39,1.66251185
2025-06-30 16:01:00,2475.39,2475.39,2473.25,2474.05,0.85838706
2025-06-30 16:02:00,2473.25,2473.65,2472.73,2473.35,10.84123838
2025-06-30 16:03:00,2472.34,2472.34,2472.14,2472.14,0.55671587
2025-06-30 16:04:00,2472.15,2472.15,2470.11,2470.12,4.04935635
2025-06-30 16:05:00,2470.54,2471.59,2470.0,2470.52,0.46882304
2025-06-30 16:06:00,2470.01,2470.66,2470.01,2470.65,2.40020603
2025-06-30 16:07:00,2470.66,2470.66,2470.2,2470.59,0.20802418
2025-06-30 16:08:00,2470.66,2470.66,2470.65,2470.65,1.22202816
2025-06-30 16:09:00,2470.65,2475.73,2470.65,2475.73,7.96011164
2025-06-30 16:10:00,2476.95,2480.45,2476.95,2479.94,9.29025
2025-06-30 16:11:00,2479.84,2480.06,2479.07,2479.87,12.81704442
2025-06-30 16:12:00,2480.12,2482.23,2480.12,2482.23,4.31264253
2025-06-30 16:13:00,2481.11,2482.01,2481.11,2482.0,2.32743897
2025-06-30 16:14:00,2482.01,2482.01,2479.06,2479.06,37.9293399
2025-06-30 16:15:00,2479.07,2479.07,2479.06,2479.06,1.3839291
2025-06-30 16:16:00,2478.0,2478.0,2476.11,2476.11,0.09395998
2025-06-30 16:17:00,2476.11,2476.22,2476.11,2476.22,1.99635709
2025-06-30 16:18:00,2476.44,2476.44,2472.99,2472.99,4.21057128
2025-06-30 16:19:00,2472.14,2472.45,2470.54,2472.45,1.73252708
2025-06-30 16:20:00,2471.62,2471.62,2471.56,2471.56,0.23858248
2025-06-30 16:21:00,2470.3,2470.44,2470.3,2470.44,0.05263043
2025-06-30 16:22:00,2470.01,2470.01,2470.01,2470.01,0.0364578
2025-06-30 16:23:00,2470.01,2470.67,2465.65,2468.25,8.81326769
2025-06-30 16:24:00,2468.26,2468.26,2467.21,2467.21,0.175689
2025-06-30 16:25:00,2468.41,2469.92,2468.38,2469.88,6.2830643
2025-06-30 16:26:00,2470.0,2470.0,2469.99,2469.99,1.37003768
2025-06-30 16:27:00,2469.99,2469.99,2463.34,2463.34,197.06856381
2025-06-30 16:28:00,2463.75,2465.25,2463.75,2464.51,1.70123172
2025-06-30 16:29:00,2464.51,2464.74,2462.61,2464.74,15.24592896
2025-06-30 16:30:00,2463.86,2464.73,2463.62,2464.73,20.64601427
2025-06-30 16:31:00,2464.74,2467.48,2464.74,2467.47,3.7538624
2025-06-30 16:32:00,2467.08,2469.57,2467.08,2469.57,2.53045277
2025-06-30 16:33:00,2468.62,2470.0,2468.09,2468.09,0.09701645
2025-06-30 16:34:00,2467.65,2468.4,2466.44,2466.44,0.50242122
2025-06-30 16:35:00,2467.25,2468.84,2467.25,2468.84,5.01871565
2025-06-30 16:36:00,2468.84,2468.84,2468.84,2468.84,0.34750101
2025-06-30 16:37:00,2469.31,2469.99,2469.31,2469.57,0.74350679
2025-06-30 16:38:00,2468.6,2469.14,2468.43,2469.14,2.93259118
2025-06-30 16:39:00,2468.65,2468.65,2468.65,2468.65,0.02425193
2025-06-30 16:40:00,2468.65,2468.65,2468.65,2468.65,0.0656649
2025-06-30 16:41:00,2468.65,2470.0,2468.65,2470.0,0.69468837
2025-06-30 16:42:00,2469.99,2471.11,2469.99,2471.11,267.69247088
2025-06-30 16:43:00,2471.62,2474.2,2471.62,2473.44,17.15454626
2025-06-30 16:44:00,2472.81,2473.6,2472.81,2473.59,0.13882927
2025-06-30 16:45:00,2473.51,2474.29,2473.51,2474.29,0.0456972
2025-06-30 16:46:00,2474.83,2475.58,2474.3,2474.42,3.11988392
2025-06-30 16:47:00,2475.79,2477.33,2475.62,2476.19,5.99492082
2025-06-30 16:48:00,2474.89,2474.89,2472.81,2473.42,1.51239587
2025-06-30 16:49:00,2473.45,2473.99,2473.45,2473.99,0.72562003
2025-06-30 16:50:00,2473.5,2473.5,2469.7,2469.87,4.24447701
2025-06-30 16:51:00,2470.3,2470.3,2469.67,2469.8,0.16412935
2025-06-30 16:52:00,2470.94,2472.78,2470.94,2472.39,2.4341838
2025-06-30 16:53:00,2472.39,2473.04,2472.39,2473.0,1.57958842
2025-06-30 16:54:00,2473.28,2475.17,2473.1,2475.17,7.07596541
2025-06-30 16:55:00,2475.92,2477.57,2475.92,2477.57,0.23608018
2025-06-30 16:56:00,2477.81,2478.0,2477.2,2477.21,4.65238995
2025-06-30 16:57:00,2477.21,2477.44,2477.2,2477.44,0.18351614
2025-06-30 16:58:00,2477.34,2477.34,2476.02,2476.02,1.55742394
2025-06-30 16:59:00,2476.01,2476.01,2475.67,2475.67,0.12116267
2025-06-30 17:00:00,2476.02,2476.86,2476.01,2476.86,4.90350492
2025-06-30 17:01:00,2476.85,2476.89,2476.18,2476.79,4.07332773
2025-06-30 17:02:00,2476.57,2477.15,2476.57,2477.15,0.58166576
2025-06-30 17:03:00,2477.14,2477.15,2477.14,2477.15,1.90879351
2025-06-30 17:04:00,2477.15,2477.66,2477.14,2477.66,22.60284418
2025-06-30 17:05:00,2477.66,2477.66,2477.14,2477.15,32.59705182
2025-06-30 17:06:00,2477.14,2477.15,2477.14,2477.15,3.62190939
2025-06-30 17:07:00,2477.15,2477.15,2475.69,2475.69,83.26919156
2025-06-30 17:08:00,2475.67,2475.67,2475.67,2475.67,0.00830078
2025-06-30 17:09:00,2475.68,2475.68,2475.68,2475.68,1.03689721
2025-06-30 17:10:00,2475.68,2475.68,2475.67,2475.67,0.0277
2025-06-30 17:11:00,2475.68,2475.68,2475.68,2475.68,0.00456927
2025-06-30 17:12:00,2475.68,2475.68,2475.68,2475.68,0.05500462
2025-06-30 17:13:00,2475.67,2479.18,2475.67,2479.18,65.79013925
2025-06-30 17:14:00,2479.18,2485.0,2479.18,2485.0,3.09052364
2025-06-30 17:15:00,2484.54,2484.54,2482.58,2482.58,2.34913849
2025-06-30 17:16:00,2482.58,2482.58,2479.02,2479.07,0.76071501
2025-06-30 17:17:00,2478.89,2481.09,2478.88,2480.72,1.92335369
2025-06-30 17:18:00,2481.21,2481.8,2480.77,2480.87,11.24546292
2025-06-30 17:19:00,2481.17,2481.4,2480.66,2481.4,1.43906552
2025-06-30 17:20:00,2480.87,2480.87,2477.29,2478.36,2.0161053
2025-06-30 17:21:00,2478.36,2481.48,2478.35,2480.12,6.55533038
2025-06-30 17:22:00,2480.12,2481.08,2479.97,2481.08,2.37117983
2025-06-30 17:23:00,2480.83,2481.22,2480.08,2480.08,0.13484239
2025-06-30 17:24:00,2480.13,2481.18,2480.13,2481.18,0.41659259
2025-06-30 17:25:00,2481.3,2484.82,2481.3,2484.82,5.74121036
2025-06-30 17:26:00,2483.43,2483.43,2482.28,2482.28,0.67968631
2025-06-30 17:27:00,2482.28,2483.29,2482.28,2483.29,0.23097163
2025-06-30 17:28:00,2481.65,2482.45,2481.65,2482.45,0.80049712
2025-06-30 17:29:00,2482.45,2482.45,2482.45,2482.45,0.12339441
2025-06-30 17:30:00,2482.45,2482.45,2482.45,2482.45,0.58165839
2025-06-30 17:31:00,2482.61,2482.93,2482.44,2482.44,2.15492773
2025-06-30 17:32:00,2480.93,2480.93,2479.74,2479.74,0.42916612
2025-06-30 17:33:00,2478.94,2478.95,2478.25,2478.32,2.44473734
2025-06-30 17:34:00,2478.37,2479.19,2478.37,2478.73,1.01460038
2025-06-30 17:35:00,2479.09,2479.09,2478.94,2478.95,4.50579979
2025-06-30 17:36:00,2478.95,2478.95,2478.95,2478.95,0.01060348
2025-06-30 17:37:00,2478.95,2479.19,2478.95,2479.19,1.6125183
2025-06-30 17:38:00,2479.19,2481.06,2479.19,2481.06,1.8225461
2025-06-30 17:39:00,2479.42,2480.53,2479.42,2480.46,5.07272261
2025-06-30 17:40:00,2480.46,2480.94,2480.46,2480.94,0.83475289
2025-06-30 17:41:00,2480.68,2480.96,2480.68,2480.96,0.00598741
2025-06-30 17:42:00,2480.99,2485.55,2480.99,2485.55,96.43237875
2025-06-30 17:43:00,2485.29,2488.76,2485.02,2488.76,163.0488219
2025-06-30 17:44:00,2488.74,2488.74,2486.91,2486.91,2.14826702
2025-06-30 17:45:00,2486.92,2486.97,2486.91,2486.97,1.92113463
2025-06-30 17:46:00,2486.96,2487.69,2486.92,2486.92,0.62070865
2025-06-30 17:47:00,2486.92,2486.92,2485.01,2485.01,0.68133424
2025-06-30 17:48:00,2485.02,2485.02,2484.68,2484.68,1.86482973
2025-06-30 17:49:00,2485.1,2486.58,2485.1,2486.58,3.89378503
2025-06-30 17:50:00,2485.83,2486.36,2485.83,2486.35,3.05422765
2025-06-30 17:51:00,2486.57,2486.61,2483.85,2483.85,17.53586421
2025-06-30 17:52:00,2482.97,2484.0,2482.97,2483.99,1.07557958
2025-06-30 17:53:00,2483.71,2483.71,2483.71,2483.71,0.0222
2025-06-30 17:54:00,2483.21,2483.21,2483.21,2483.21,0.69429081
2025-06-30 17:55:00,2483.21,2484.88,2483.21,2484.88,3.95865563
2025-06-30 17:56:00,2486.04,2496.14,2486.04,2496.14,37.19469611
2025-06-30 17:57:00,2496.45,2496.45,2490.87,2490.9,18.05705597
2025-06-30 17:58:00,2490.32,2490.87,2489.7,2489.7,7.86702936
2025-06-30 17:59:00,2489.69,2489.69,2489.0,2489.01,0.06600074
2025-06-30 18:00:00,2489.01,2489.01,2489.0,2489.01,4.27202544
2025-06-30 18:01:00,2489.01,2491.45,2489.01,2490.01,0.9013473
2025-06-30 18:02:00,2491.42,2491.42,2491.42,2491.42,0.01004419
2025-06-30 18:03:00,2491.77,2494.15,2491.77,2493.15,133.1105922
2025-06-30 18:04:00,2494.22,2494.6,2493.86,2494.6,1.92865529
2025-06-30 18:05:00,2494.65,2495.26,2493.96,2494.85,18.02029949
2025-06-30 18:06:00,2494.58,2494.58,2493.87,2494.4,56.46946153
2025-06-30 18:07:00,2492.51,2492.51,2492.5,2492.51,1.01251789
2025-06-30 18:08:00,2492.5,2492.5,2489.91,2489.91,2.55519931
2025-06-30 18:09:00,2489.7,2489.7,2488.09,2488.09,0.29121506
2025-06-30 18:10:00,2488.08,2488.08,2486.03,2486.04,12.06491594
2025-06-30 18:11:00,2486.04,2486.04,2484.31,2485.13,5.60314115
2025-06-30 18:12:00,2485.13,2485.14,2485.13,2485.13,2.66578217
2025-06-30 18:13:00,2485.13,2486.1,2485.13,2486.1,2.15388614
2025-06-30 18:14:00,2485.13,2485.13,2484.55,2484.55,0.57
2025-06-30 18:15:00,2486.28,2486.28,2486.28,2486.28,0.12721604
2025-06-30 18:16:00,2488.09,2489.57,2488.09,2489.57,0.62121725
2025-06-30 18:17:00,2489.57,2489.57,2489.36,2489.36,0.2332537
2025-06-30 18:18:00,2489.06,2489.6,2489.06,2489.6,0.05024003
2025-06-30 18:19:00,2489.59,2489.84,2489.59,2489.84,0.43798622
2025-06-30 18:20:00,2492.15,2495.79,2492.14,2495.79,0.49738809
2025-06-30 18:21:00,2496.14,2498.0,2496.14,2497.55,0.76856989
2025-06-30 18:22:00,2497.55,2498.0,2495.47,2495.47,20.45044417
2025-06-30 18:23:00,2494.18,2494.75,2493.37,2493.41,3.39191537
2025-06-30 18:24:00,2492.84,2492.84,2492.14,2492.14,0.36579056
2025-06-30 18:25:00,2492.14,2492.14,2490.79,2491.91,39.48535515
2025-06-30 18:26:00,2491.61,2491.61,2491.6,2491.6,1.51655716
2025-06-30 18:27:00,2493.32,2494.34,2493.2,2493.2,16.26760318
2025-06-30 18:28:00,2493.21,2494.05,2492.64,2492.64,40.86665221
2025-06-30 18:29:00,2492.65,2493.16,2492.65,2492.87,0.78865773
2025-06-30 18:30:00,2492.87,2492.88,2492.64,2492.64,0.38560523
2025-06-30 18:31:00,2489.71,2489.71,2487.28,2487.28,2.07333463
2025-06-30 18:32:00,2487.28,2487.28,2484.51,2485.22,1.12802531
2025-06-30 18:33:00,2483.85,2483.85,2481.22,2481.22,131.12570307
2025-06-30 18:34:00,2481.23,2483.09,2481.21,2483.05,1.75115978
2025-06-30 18:35:00,2482.75,2486.3,2482.75,2485.74,22.69445967
2025-06-30 18:36:00,2485.74,2485.74,2484.21,2484.28,0.35186194
2025-06-30 18:37:00,2483.49,2483.52,2483.0,2483.0,7.95800999
2025-06-30 18:38:00,2482.76,2484.0,2481.76,2483.99,11.2775219
2025-06-30 18:39:00,2483.46,2484.0,2483.46,2483.8,0.60679844
2025-06-30 18:40:00,2483.99,2484.0,2482.11,2482.11,0.48259082
2025-06-30 18:41:00,2482.21,2483.91,2482.21,2483.91,52.18380125
2025-06-30 18:42:00,2482.88,2483.13,2482.47,2482.52,8.16178203
2025-06-30 18:43:00,2483.2,2484.0,2482.97,2484.0,0.59715522
2025-06-30 18:44:00,2483.92,2483.92,2482.93,2482.93,0.05971895
2025-06-30 18:45:00,2484.0,2486.27,2484.0,2486.27,5.60234934
2025-06-30 18:46:00,2486.3,2487.27,2486.3,2487.27,3.99256144
2025-06-30 18:47:00,2487.27,2489.77,2487.27,2489.77,2.54509943
2025-06-30 18:48:00,2487.82,2487.82,2487.73,2487.73,0.17035754
2025-06-30 18:49:00,2487.73,2487.73,2485.78,2486.69,6.16412083
2025-06-30 18:50:00,2486.69,2486.69,2486.68,2486.69,0.67916618
2025-06-30 18:51:00,2489.11,2489.11,2486.68,2486.68,0.17147083
2025-06-30 18:52:00,2488.3,2488.3,2488.3,2488.3,0.00260554
2025-06-30 18:53:00,2488.27,2488.27,2486.69,2487.93,1.33880786
2025-06-30 18:54:00,2487.92,2488.07,2486.68,2486.69,0.36797276
2025-06-30 18:55:00,2486.69,2487.28,2486.68,2487.28,0.11731895
2025-06-30 18:56:00,2488.05,2488.12,2486.68,2486.68,0.31197834
2025-06-30 18:57:00,2486.95,2487.38,2486.95,2487.38,0.01212689
2025-06-30 18:58:00,2487.38,2487.38,2486.46,2486.54,1.20926283
2025-06-30 18:59:00,2486.54,2486.96,2486.54,2486.96,0.12171683
2025-06-30 19:00:00,2486.96,2486.96,2486.94,2486.94,0.99678634
2025-06-30 19:01:00,2486.94,2487.35,2486.94,2486.96,10.52708032
2025-06-30 19:02:00,2487.5,2490.7,2487.44,2490.7,4.58399366
2025-06-30 19:03:00,2491.2,2494.0,2491.2,2494.0,2.3783441
2025-06-30 19:04:00,2494.0,2494.0,2493.99,2494.0,0.25358508
2025-06-30 19:05:00,2494.0,2494.0,2490.51,2490.87,3.08538215
2025-06-30 19:06:00,2490.74,2491.6,2490.74,2491.6,0.49133682
2025-06-30 19:07:00,2491.98,2492.31,2491.6,2491.6,5.20303831
2025-06-30 19:08:00,2494.0,2494.0,2493.87,2493.99,1.58312484
2025-06-30 19:09:00,2494.0,2494.0,2493.99,2493.99,0.13732533
2025-06-30 19:10:00,2494.0,2494.0,2493.99,2493.99,1.00205381
2025-06-30 19:11:00,2493.99,2494.48,2493.99,2494.48,15.24577602
2025-06-30 19:12:00,2494.48,2494.49,2494.48,2494.49,0.34252222
2025-06-30 19:13:00,2494.49,2494.49,2494.49,2494.49,0.0557188
2025-06-30 19:14:00,2494.48,2495.0,2494.48,2495.0,0.12256178
2025-06-30 19:15:00,2495.0,2495.0,2494.99,2495.0,0.63429107
2025-06-30 19:16:00,2495.0,2496.75,2495.0,2496.47,2.04203028
2025-06-30 19:17:00,2497.53,2497.56,2497.35,2497.35,4.73349347
2025-06-30 19:18:00,2497.4,2498.0,2496.97,2497.8,18.1046306
2025-06-30 19:19:00,2497.99,2501.06,2497.99,2498.15,16.52381623
2025-06-30 19:20:00,2498.15,2500.28,2498.15,2500.28,1.93038849
2025-06-30 19:21:00,2501.28,2506.13,2501.28,2506.13,52.23745986
2025-06-30 19:22:00,2506.1,2506.84,2505.25,2506.84,210.38858956
2025-06-30 19:23:00,2506.43,2508.5,2506.43,2508.49,11.81520381
2025-06-30 19:24:00,2508.83,2508.83,2508.49,2508.49,13.7034604
2025-06-30 19:25:00,2508.9,2509.81,2508.55,2509.11,9.24710801
2025-06-30 19:26:00,2509.53,2515.0,2509.53,2514.89,113.81175895
2025-06-30 19:27:00,2515.06,2518.6,2515.06,2515.84,226.58899007
2025-06-30 19:28:00,2515.83,2515.83,2512.11,2512.42,149.20356946
2025-06-30 19:29:00,2513.14,2513.14,2509.45,2510.4,5.8735165
2025-06-30 19:30:00,2510.56,2510.56,2506.09,2509.91,314.50008195
2025-06-30 19:31:00,2510.84,2510.86,2509.77,2509.77,1.31944849
2025-06-30 19:32:00,2510.21,2513.17,2510.21,2512.91,27.04929869
2025-06-30 19:33:00,2512.91,2512.91,2512.9,2512.9,2.3582735
2025-06-30 19:34:00,2512.91,2512.91,2511.06,2511.06,5.83520403
2025-06-30 19:35:00,2511.83,2512.31,2511.59,2511.59,45.37282573
2025-06-30 19:36:00,2510.92,2510.92,2509.75,2510.43,13.54901923
2025-06-30 19:37:00,2510.59,2515.27,2510.59,2514.93,34.39073893
2025-06-30 19:38:00,2514.93,2514.93,2513.19,2513.19,0.70262864
2025-06-30 19:39:00,2513.15,2513.15,2507.93,2508.03,42.71747801
2025-06-30 19:40:00,2508.38,2510.45,2508.38,2510.45,19.45562506
2025-06-30 19:41:00,2510.3,2510.3,2508.83,2508.84,2.68901834
2025-06-30 19:42:00,2508.84,2508.97,2508.83,2508.97,0.72444264
2025-06-30 19:43:00,2509.08,2513.35,2509.08,2513.35,38.79943039
2025-06-30 19:44:00,2513.36,2513.36,2512.3,2512.31,2.51637523
2025-06-30 19:45:00,2511.86,2512.57,2511.86,2512.57,3.94436092
2025-06-30 19:46:00,2511.91,2511.91,2510.78,2510.78,0.59884844
2025-06-30 19:47:00,2510.78,2511.37,2510.46,2510.46,17.03876963
2025-06-30 19:48:00,2511.03,2513.0,2511.03,2513.0,7.25194047
2025-06-30 19:49:00,2514.0,2514.73,2511.79,2511.89,14.7107669
2025-06-30 19:50:00,2511.79,2512.8,2511.79,2512.67,9.40475562
2025-06-30 19:51:00,2513.05,2513.91,2513.05,2513.24,4.0439869
2025-06-30 19:52:00,2511.58,2511.58,2508.83,2508.83,10.72272198
2025-06-30 19:53:00,2507.28,2507.29,2507.27,2507.29,0.3959263
2025-06-30 19:54:00,2509.0,2513.19,2509.0,2513.17,1.07262648
2025-06-30 19:55:00,2513.17,2513.17,2510.29,2510.29,5.97093263
2025-06-30 19:56:00,2510.54,2510.95,2510.54,2510.94,0.15264405
2025-06-30 19:57:00,2510.95,2514.0,2510.94,2514.0,4.52623637
2025-06-30 19:58:00,2513.99,2516.16,2513.05,2516.14,14.84688082
2025-06-30 19:59:00,2516.15,2518.65,2516.15,2518.23,16.85191126
2025-06-30 20:00:00,2516.44,2516.44,2510.23,2511.48,1.49595885
2025-06-30 20:01:00,2511.49,2511.49,2510.27,2510.76,122.27242946
2025-06-30 20:02:00,2510.77,2510.77,2510.01,2510.01,0.96515526
2025-06-30 20:03:00,2510.01,2510.01,2507.32,2507.34,40.29179959
2025-06-30 20:04:00,2507.28,2507.28,2507.27,2507.28,0.36380567
2025-06-30 20:05:00,2507.28,2507.28,2507.27,2507.27,11.49839089
2025-06-30 20:06:00,2507.28,2508.63,2507.28,2508.63,189.19084644
2025-06-30 20:07:00,2510.26,2512.0,2510.26,2511.36,0.24152311
2025-06-30 20:08:00,2511.99,2511.99,2510.51,2510.91,0.15445272
2025-06-30 20:09:00,2510.99,2511.93,2510.33,2511.93,3.28679941
2025-06-30 20:10:00,2511.93,2511.93,2511.92,2511.93,0.72537529
2025-06-30 20:11:00,2511.93,2511.93,2511.93,2511.93,0.00039222
2025-06-30 20:12:00,2511.93,2514.14,2511.93,2514.14,3.58471508
2025-06-30 20:13:00,2514.17,2514.18,2514.17,2514.18,2.17083854
2025-06-30 20:14:00,2514.17,2514.17,2511.59,2511.63,1.46675085
2025-06-30 20:15:00,2511.63,2517.72,2511.63,2517.72,6.0579367
2025-06-30 20:16:00,2517.71,2517.72,2517.71,2517.72,0.91644181
2025-06-30 20:17:00,2518.42,2520.52,2518.41,2519.05,24.00736155
2025-06-30 20:18:00,2520.53,2521.27,2518.83,2519.62,16.98335028
2025-06-30 20:19:00,2519.34,2519.34,2517.85,2518.65,205.66419471
2025-06-30 20:20:00,2517.8,2522.37,2517.8,2521.62,2.80399538
2025-06-30 20:21:00,2520.94,2520.94,2518.75,2518.75,0.26112068
2025-06-30 20:22:00,2518.75,2519.61,2518.49,2519.61,26.69886386
2025-06-30 20:23:00,2521.17,2521.17,2519.72,2519.72,6.1563986
2025-06-30 20:24:00,2519.26,2519.26,2518.0,2518.69,0.56846969
2025-06-30 20:25:00,2518.7,2518.7,2516.82,2517.37,1.26931481
2025-06-30 20:26:00,2516.21,2516.79,2515.88,2516.79,2.1923912
2025-06-30 20:27:00,2517.95,2517.96,2517.36,2517.36,0.14849812
2025-06-30 20:28:00,2517.93,2517.93,2514.42,2514.42,3.23246256
2025-06-30 20:29:00,2514.51,2514.63,2512.49,2512.7,21.01616346
2025-06-30 20:30:00,2512.69,2516.18,2512.69,2515.72,30.46350636
2025-06-30 20:31:00,2514.24,2514.24,2513.24,2513.24,0.73269254
2025-06-30 20:32:00,2513.25,2513.26,2512.01,2512.01,0.52014367
2025-06-30 20:33:00,2512.0,2512.01,2511.38,2512.01,6.252942
2025-06-30 20:34:00,2512.15,2512.15,2511.96,2511.96,0.39985002
2025-06-30 20:35:00,2512.47,2512.47,2512.47,2512.47,0.14789444
2025-06-30 20:36:00,2512.46,2512.47,2511.8,2512.21,10.13580009
2025-06-30 20:37:00,2511.18,2512.22,2511.18,2511.63,0.88679014
2025-06-30 20:38:00,2511.45,2511.63,2511.45,2511.63,1.75784196
2025-06-30 20:39:00,2511.63,2511.63,2511.45,2511.45,0.4260947
2025-06-30 20:40:00,2511.45,2511.45,2511.45,2511.45,0.56893685
2025-06-30 20:41:00,2511.44,2511.44,2511.18,2511.18,9.04639482
2025-06-30 20:42:00,2511.19,2511.2,2511.18,2511.2,2.15184705
2025-06-30 20:43:00,2511.19,2511.19,2508.7,2508.7,100.40072883
2025-06-30 20:44:00,2508.7,2508.7,2506.12,2507.6,39.64013202
2025-06-30 20:45:00,2507.6,2508.99,2507.6,2508.29,0.5129251
2025-06-30 20:46:00,2507.88,2508.29,2507.87,2508.29,0.46599768
2025-06-30 20:47:00,2508.3,2508.88,2508.3,2508.88,18.07092594
2025-06-30 20:48:00,2509.37,2510.22,2509.37,2510.22,0.06314423
2025-06-30 20:49:00,2510.11,2510.24,2509.39,2509.39,0.58249438
2025-06-30 20:50:00,2509.31,2509.31,2508.2,2508.86,3.13133685
2025-06-30 20:51:00,2508.86,2508.86,2508.1,2508.47,0.29488885
2025-06-30 20:52:00,2508.51,2508.59,2508.51,2508.59,2.60230501
2025-06-30 20:53:00,2508.44,2508.44,2508.44,2508.44,0.01350573
2025-06-30 20:54:00,2507.91,2507.91,2504.85,2504.87,3.6196603
2025-06-30 20:55:00,2504.88,2504.88,2504.71,2504.73,2.54882538
2025-06-30 20:56:00,2504.87,2504.87,2504.87,2504.87,0.71907075
2025-06-30 20:57:00,2504.88,2504.88,2504.88,2504.88,0.13903209
2025-06-30 20:58:00,2504.87,2504.87,2502.64,2502.64,2.04566014
2025-06-30 20:59:00,2502.76,2502.77,2502.76,2502.77,18.09646223
2025-06-30 21:00:00,2502.77,2504.83,2502.76,2504.6,6.77821537
2025-06-30 21:01:00,2504.61,2504.61,2504.41,2504.41,0.33326019
2025-06-30 21:02:00,2503.83,2504.41,2503.04,2503.42,3.00257556
2025-06-30 21:03:00,2503.42,2503.42,2500.11,2500.72,23.73729668
2025-06-30 21:04:00,2500.78,2501.05,2500.78,2501.05,5.01989214
2025-06-30 21:05:00,2500.79,2500.79,2500.79,2500.79,1.16146484
2025-06-30 21:06:00,2500.78,2500.79,2500.78,2500.79,0.01330485
2025-06-30 21:07:00,2500.79,2500.79,2500.78,2500.79,16.42712379
2025-06-30 21:08:00,2500.79,2500.79,2498.39,2498.44,14.19349272
2025-06-30 21:09:00,2498.43,2499.55,2498.43,2499.55,200.86049773
2025-06-30 21:10:00,2498.91,2500.21,2498.91,2500.16,2.07987737
2025-06-30 21:11:00,2500.6,2500.79,2500.44,2500.78,12.98550729
2025-06-30 21:12:00,2500.79,2500.79,2500.78,2500.79,2.06776633
2025-06-30 21:13:00,2500.79,2500.79,2500.78,2500.78,0.28041233
2025-06-30 21:14:00,2500.78,2500.79,2500.78,2500.78,12.08068945
2025-06-30 21:15:00,2500.79,2500.79,2500.78,2500.78,0.98253978
2025-06-30 21:16:00,2500.78,2500.79,2500.78,2500.79,2.94647259
2025-06-30 21:17:00,2500.78,2500.78,2500.78,2500.78,0.52181604
2025-06-30 21:18:00,2500.78,2500.79,2500.34,2500.59,4.34699013
2025-06-30 21:19:00,2500.57,2500.57,2500.29,2500.46,1.56269131
2025-06-30 21:20:00,2500.46,2500.47,2500.28,2500.29,0.46083072
2025-06-30 21:21:00,2500.28,2500.29,2499.71,2499.73,1.66203822
2025-06-30 21:22:00,2499.73,2499.74,2498.82,2498.82,0.08740629
2025-06-30 21:23:00,2498.82,2498.82,2497.27,2497.27,8.16663227
2025-06-30 21:24:00,2496.14,2496.14,2495.66,2495.67,1.04346861
2025-06-30 21:25:00,2495.99,2497.29,2495.99,2497.29,12.586493
2025-06-30 21:26:00,2497.29,2499.24,2497.29,2499.24,200.2862296
2025-06-30 21:27:00,2498.37,2498.41,2498.11,2498.11,13.42750638
2025-06-30 21:28:00,2497.95,2498.14,2497.01,2497.11,32.45474357
2025-06-30 21:29:00,2496.86,2496.86,2496.56,2496.6,6.64522725
2025-06-30 21:30:00,2494.37,2495.09,2494.37,2495.09,4.16319178
2025-06-30 21:31:00,2495.16,2495.16,2494.99,2495.0,0.34533689
2025-06-30 21:32:00,2495.0,2495.0,2495.0,2495.0,0.20324707
2025-06-30 21:33:00,2495.0,2498.37,2495.0,2498.37,3.92541596
2025-06-30 21:34:00,2498.08,2498.08,2496.66,2496.66,0.21174119
2025-06-30 21:35:00,2496.14,2497.29,2496.14,2497.29,1.52500837
2025-06-30 21:36:00,2497.3,2498.46,2497.29,2498.45,1.49194339
2025-06-30 21:37:00,2498.6,2498.6,2498.59,2498.59,3.72739594
2025-06-30 21:38:00,2498.6,2498.74,2498.6,2498.74,0.85738431
2025-06-30 21:39:00,2498.6,2498.6,2498.6,2498.6,0.00082389
2025-06-30 21:40:00,2498.61,2498.61,2498.6,2498.61,0.99390155
2025-06-30 21:41:00,2498.6,2498.6,2496.62,2497.07,8.80061441
2025-06-30 21:42:00,2497.26,2497.26,2497.26,2497.26,0.0016458
2025-06-30 21:43:00,2497.26,2497.26,2497.26,2497.26,0.0
2025-06-30 21:44:00,2497.25,2497.25,2495.62,2495.81,1.13460515
2025-06-30 21:45:00,2495.8,2495.8,2494.0,2494.39,0.35157187
2025-06-30 21:46:00,2493.81,2493.81,2492.43,2492.43,0.16301599
2025-06-30 21:47:00,2492.22,2494.68,2492.22,2494.67,1.68542742
2025-06-30 21:48:00,2494.22,2494.42,2493.48,2494.42,1.16979597
2025-06-30 21:49:00,2494.42,2494.42,2493.1,2493.71,1.20091168
2025-06-30 21:50:00,2493.71,2493.71,2493.71,2493.71,0.00498922
2025-06-30 21:51:00,2493.7,2493.7,2492.08,2492.08,0.3263524
2025-06-30 21:52:00,2492.07,2492.07,2487.34,2487.34,11.46445965
2025-06-30 21:53:00,2487.28,2488.89,2487.28,2488.33,6.95224195
2025-06-30 21:54:00,2488.09,2488.09,2485.15,2485.15,20.26364376
2025-06-30 21:55:00,2485.86,2487.99,2485.84,2487.99,0.06339067
2025-06-30 21:56:00,2489.45,2489.45,2485.63,2485.63,32.89095026
2025-06-30 21:57:00,2485.63,2485.63,2485.63,2485.63,1.22608997
2025-06-30 21:58:00,2487.22,2488.38,2487.22,2488.38,0.12929763
2025-06-30 21:59:00,2488.39,2488.39,2488.38,2488.39,2.05022346
2025-06-30 22:00:00,2488.39,2493.14,2488.38,2493.14,7.7030631
2025-06-30 22:01:00,2492.85,2492.85,2492.19,2492.19,0.02605298
