time,price
2025-04-01 19:04:36.935,1908.4314274579497
2025-04-01 20:05:35.873,1907.8208961792222
2025-04-01 21:04:39.698,1913.0430168760602
2025-04-01 22:04:29.932,1914.7794310100774
2025-04-01 23:04:46.701,1911.025610098203
2025-04-02 00:04:50.481,1905.2233086975891
2025-04-02 01:04:43.987,1890.2107077969895
2025-04-02 02:04:56.510,1892.783323179335
2025-04-02 03:04:56.763,1879.444750400493
2025-04-02 04:09:41.295,1879.1527431829038
2025-04-02 05:04:41.414,1879.35532558259
2025-04-02 06:04:30.484,1857.3829360824607
2025-04-02 07:04:48.300,1855.6818789598317
2025-04-02 08:04:34.753,1864.5252551219953
2025-04-02 09:04:43.493,1868.482212285354
2025-04-02 10:04:53.172,1878.857289347552
2025-04-02 11:02:36.843,1872.4132593899963
2025-04-02 12:09:29.471,1869.8649819585182
2025-04-02 13:09:29.694,1867.4145513972999
2025-04-02 14:04:58.614,1875.0794677980916
2025-04-02 15:06:28.851,1877.1374570730986
2025-04-02 16:00:36.523,1899.4314497616717
2025-04-02 17:04:37.336,1903.8194757676895
2025-04-02 18:06:31.582,1891.9671176331137
2025-04-02 19:04:54.764,1898.359056875244
2025-04-02 20:04:35.647,1907.1408902562132
2025-04-02 21:05:09.091,1881.2172158459427
2025-04-02 22:04:57.059,1863.6766556181367
2025-04-02 23:05:00.995,1795.5748762177618
2025-04-03 00:02:00.654,1794.3683914039525
2025-04-03 01:04:56.876,1816.5091013045444
2025-04-03 02:04:49.593,1827.4578927979758
2025-04-03 03:03:07.212,1830.8063646865826
2025-04-03 04:04:31.978,1823.325571076304
2025-04-03 05:04:25.674,1836.106579701171
2025-04-03 06:04:25.908,1825.4954183623831
2025-04-03 07:04:36.241,1815.6189283635465
2025-04-03 08:04:56.190,1816.0341869652436
2025-04-03 09:04:53.727,1821.8229447628194
2025-04-03 10:04:58.308,1811.9454547836854
2025-04-03 11:04:34.690,1793.5161488096996
2025-04-03 12:04:32.157,1794.355617448642
2025-04-03 13:05:53.836,1759.6429397904747
2025-04-03 14:09:20.143,1778.4072418684216
2025-04-03 15:04:59.079,1758.4202382008777
2025-04-03 16:09:42.771,1788.6929487652849
2025-04-03 17:04:49.282,1773.7304465877012
2025-04-03 18:04:56.244,1777.2948421028518
2025-04-03 19:04:23.435,1787.3014591882675
2025-04-03 20:00:51.343,1785.5732635581007
2025-04-03 21:04:54.835,1798.4133174894575
2025-04-03 22:04:30.136,1809.3311945113205
2025-04-03 23:04:41.332,1811.3080479312866
2025-04-04 00:05:42.144,1816.778141222716
2025-04-04 01:04:38.628,1810.2108329804782
2025-04-04 02:04:47.823,1796.2549690029655
2025-04-04 03:04:39.419,1790.2152033964596
2025-04-04 04:04:41.434,1792.0557495471533
2025-04-04 05:03:39.956,1786.3041837283981
2025-04-04 06:07:57.026,1804.7458060517372
2025-04-04 07:04:33.153,1800.7182087305052
2025-04-04 08:04:47.337,1819.26515723935
2025-04-04 09:04:32.489,1827.5945877548909
2025-04-04 10:04:39.210,1831.3864683139946
2025-04-04 11:04:48.928,1784.5597333187225
2025-04-04 12:02:18.754,1786.09764839746
2025-04-04 13:09:35.034,1797.8511395587539
2025-04-04 14:09:29.964,1796.888925199396
2025-04-04 15:09:34.787,1804.963948836221
2025-04-04 16:04:59.206,1794.9736288077643
2025-04-04 17:04:55.362,1797.062447494226
2025-04-04 18:04:37.033,1822.4400553622188
2025-04-04 19:04:51.587,1805.1571281947615
2025-04-04 20:04:41.170,1811.5014364967367
2025-04-04 21:06:14.600,1822.3780657123782
2025-04-04 22:04:52.366,1818.0398321561038
2025-04-04 23:04:46.813,1819.51137614555
2025-04-05 00:06:41.999,1812.8636402718714
2025-04-05 01:09:36.108,1822.9654232307414
2025-04-05 02:04:50.454,1819.5936705575245
2025-04-05 03:02:51.839,1815.860451984037
2025-04-05 04:04:55.868,1809.9871992560159
2025-04-05 05:04:44.320,1808.663361680511
2025-04-05 06:04:43.497,1809.801015819122
2025-04-05 07:04:46.716,1807.7390191347956
2025-04-05 08:04:42.946,1812.3059331693933
2025-04-05 09:04:48.299,1813.1866854103878
2025-04-05 10:04:32.359,1821.4246333198307
2025-04-05 11:03:26.063,1818.4233490241245
2025-04-05 12:09:22.886,1806.9314297084081
2025-04-05 13:00:09.596,1795.3744531238297
2025-04-05 14:02:24.700,1787.4737030867018
2025-04-05 15:04:40.407,1790.7087499444021
2025-04-05 16:04:51.794,1782.4719890365761
2025-04-05 17:02:31.696,1784.4874965063464
2025-04-05 18:04:45.538,1786.7694931989558
2025-04-05 19:04:44.499,1792.4364113031302
2025-04-05 20:04:43.404,1782.7331739986682
2025-04-05 21:04:47.201,1789.278140615678
2025-04-05 22:07:54.076,1793.0997146048924
2025-04-05 23:04:48.043,1796.6380815832538
2025-04-06 00:04:52.255,1806.9138407099463
2025-04-06 01:04:50.007,1809.9297371672026
2025-04-06 02:04:55.779,1809.434839850118
2025-04-06 03:04:43.853,1805.1078594380404
2025-04-06 04:04:48.494,1807.9472372444998
2025-04-06 05:04:46.084,1808.8749205844604
2025-04-06 06:04:53.707,1810.8210811459035
2025-04-06 07:04:52.739,1799.6307752714176
2025-04-06 08:01:27.223,1797.5117465541487
2025-04-06 09:04:57.838,1794.3250437978866
2025-04-06 10:04:52.265,1790.1826036744876
2025-04-06 11:01:45.454,1789.2709971059512
2025-04-06 12:04:36.268,1789.114643994225
2025-04-06 13:04:45.168,1780.061395487873
2025-04-06 14:04:53.846,1749.859587047862
2025-04-06 15:04:38.396,1765.6265727420903
2025-04-06 16:05:54.420,1756.727373954113
2025-04-06 17:01:16.619,1737.663523014378
2025-04-06 18:09:47.736,1675.5697634244402
2025-04-06 19:09:38.042,1620.3216757769314
2025-04-06 20:09:29.299,1627.820963133028
2025-04-06 21:04:45.022,1574.8485493893695
2025-04-06 22:04:35.809,1587.400199993651
2025-04-06 23:09:34.448,1569.2502317173878
2025-04-07 00:03:21.678,1579.0366252686324
2025-04-07 01:09:36.800,1572.9546621100367
2025-04-07 02:43:31.088,1577.2224353717515
2025-04-07 03:27:54.805,1565.1872416501783
2025-04-07 04:04:50.733,1543.7195986582446
2025-04-07 05:06:57.999,1542.1405014686475
2025-04-07 06:04:18.589,1539.1343681109986
2025-04-07 07:04:51.142,1431.7317354788427
2025-04-07 08:04:56.803,1460.1188971347758
2025-04-07 09:04:54.687,1493.115630454946
2025-04-07 10:01:15.231,1487.765036007936
2025-04-07 11:04:05.902,1491.2079592407495
2025-04-07 12:04:50.929,1486.0197395366854
2025-04-07 13:04:53.751,1515.6760555564645
2025-04-07 14:04:15.970,1555.6202657817064
2025-04-07 15:06:13.569,1574.7623344333686
2025-04-07 16:04:36.509,1555.5145894643515
2025-04-07 17:04:49.544,1531.161143174932
2025-04-07 18:04:47.803,1566.5648149141439
2025-04-07 19:04:59.373,1552.5939219454385
2025-04-07 20:04:38.400,1543.62719075936
2025-04-07 21:01:44.775,1569.1290084604236
2025-04-07 22:04:36.866,1566.060939150459
2025-04-07 23:04:47.542,1577.9143266235733
2025-04-08 00:25:35.649,1559.033144324226
2025-04-08 01:04:43.372,1545.9965073253238
2025-04-08 02:04:31.319,1589.4781875632534
2025-04-08 03:05:59.597,1587.433571256241
2025-04-08 04:04:59.032,1582.9388271174212
2025-04-08 05:09:36.796,1593.7402813338936
2025-04-08 06:04:46.979,1589.5081752833983
2025-04-08 07:05:13.189,1576.4087961751945
2025-04-08 08:04:59.385,1568.6030176924403
2025-04-08 09:04:58.623,1565.41422380073
2025-04-08 10:05:00.281,1567.9861019608727
2025-04-08 11:04:34.460,1567.461828513284
2025-04-08 12:09:48.057,1585.158743096009
2025-04-08 13:06:07.021,1570.8989520894415
2025-04-08 14:04:53.941,1566.5822594492706
2025-04-08 15:04:31.305,1536.7393707592653
2025-04-08 16:09:33.407,1530.232743959875
2025-04-08 17:03:25.272,1486.7267307453815
2025-04-08 18:09:47.045,1479.79022044931
2025-04-08 19:09:42.859,1474.0968320977308
2025-04-08 20:04:49.292,1465.476595278921
2025-04-08 21:05:03.843,1478.0534038986498
2025-04-08 22:04:57.218,1474.6995604681726
2025-04-08 23:04:56.513,1464.1916779991018
2025-04-09 00:04:59.402,1472.0913986626454
2025-04-09 01:09:29.430,1462.5771439997247
2025-04-09 02:01:32.804,1430.3791903784584
2025-04-09 03:04:57.132,1421.8459890371487
2025-04-09 04:04:52.592,1417.3548396971037
2025-04-09 05:04:49.864,1439.624520978951
2025-04-09 06:04:46.856,1456.005481835613
2025-04-09 07:01:03.431,1462.9931072898971
2025-04-09 08:04:58.711,1484.6836862497428
2025-04-09 09:04:45.777,1479.3059548587523
2025-04-09 10:03:57.271,1479.2525492423724
2025-04-09 11:04:40.825,1487.1895788545642
2025-04-09 12:04:41.701,1454.009697853938
2025-04-09 13:09:34.492,1462.0541733047864
2025-04-09 14:02:17.549,1489.4620843877572
2025-04-09 15:04:59.744,1474.9756956905615
2025-04-09 16:04:55.169,1485.5789774077023
2025-04-09 17:04:57.813,1501.2146933764227
2025-04-09 18:04:43.048,1612.3027649058047
2025-04-09 19:04:56.029,1631.2756871894896
2025-04-09 20:07:16.029,1640.8830289237035
2025-04-09 21:01:58.248,1662.0227558580898
2025-04-09 22:04:50.639,1672.6973219065605
2025-04-09 23:07:21.609,1668.8850763920027
2025-04-10 00:04:57.099,1667.065136499343
2025-04-10 01:01:12.631,1642.0219005229399
2025-04-10 02:04:59.335,1636.4754111543862
2025-04-10 03:05:09.320,1634.3886406450013
2025-04-10 04:44:07.513,1610.8155533221197
2025-04-10 05:49:12.377,1621.158711016868
2025-04-10 06:20:11.389,1618.6424586971982
2025-04-10 08:30:50.909,1593.1487806169844
2025-04-10 08:52:41.515,1591.0134626922077
2025-04-10 09:01:00.250,1590.5117591784185
2025-04-10 10:57:02.463,1592.5110264398857
2025-04-10 11:26:05.961,1587.2489308190861
2025-04-10 12:08:06.761,1592.9332467243082
2025-04-10 13:04:57.174,1592.7089123491185
2025-04-10 14:00:14.581,1573.7319379017276
2025-04-10 15:04:56.264,1569.4207455322828
2025-04-10 16:04:58.083,1501.1248472301354
2025-04-10 17:05:58.951,1507.6805806308703
2025-04-10 18:08:17.097,1509.5122743804031
2025-04-10 19:05:24.425,1518.104264103272
2025-04-10 20:00:02.245,1518.5308649601548
2025-04-10 21:06:36.350,1529.4643317661541
2025-04-10 22:04:59.978,1523.7207535690857
2025-04-10 23:04:41.545,1525.0304095343854
2025-04-11 00:04:59.497,1521.3245487030365
2025-04-11 01:08:41.397,1510.667697486076
2025-04-11 02:04:59.751,1539.2395572310618
2025-04-11 03:04:42.375,1535.9051542755703
2025-04-11 04:04:44.762,1542.7191125656489
2025-04-11 05:04:43.701,1546.200169622373
2025-04-11 06:01:08.166,1548.1032524034486
2025-04-11 07:04:35.674,1553.024051950001
2025-04-11 08:04:56.560,1553.08352753589
2025-04-11 09:03:37.369,1548.4087342258329
2025-04-11 10:04:49.323,1561.6617684401147
2025-04-11 11:04:55.708,1566.4786337655585
2025-04-11 12:04:47.593,1558.4677866905242
2025-04-11 13:02:51.540,1556.0948779987916
2025-04-11 14:04:42.346,1568.1479534180808
2025-04-11 15:04:38.269,1556.9152331079636
2025-04-11 16:09:31.162,1564.3966313336027
2025-04-11 17:04:51.847,1567.7499795761942
2025-04-11 18:04:42.406,1580.7741146123458
2025-04-11 19:04:42.537,1564.4678682856136
2025-04-11 20:04:43.339,1565.26737813283
2025-04-11 21:04:39.612,1571.0164769705887
2025-04-11 22:00:47.178,1573.0779826903365
2025-04-11 23:02:31.411,1566.1193095553028
2025-04-12 00:04:53.463,1567.256910374535
2025-04-12 01:04:53.044,1562.0031466106143
2025-04-12 02:01:44.853,1554.1209584493392
2025-04-12 03:07:57.455,1549.0539856066391
2025-04-12 04:04:57.463,1554.6859034191327
2025-04-12 05:04:45.912,1565.9805844613315
2025-04-12 06:03:06.393,1567.6052792894895
2025-04-12 07:04:52.098,1572.737830874852
2025-04-12 08:04:47.737,1581.4438109407774
2025-04-12 09:09:09.119,1593.5934996536116
2025-04-12 10:04:52.350,1596.880868813545
2025-04-12 11:09:38.934,1592.7311261027994
2025-04-12 12:07:56.847,1592.2875732729676
2025-04-12 13:02:46.284,1603.276315509424
2025-04-12 14:03:19.395,1634.1839782956745
2025-04-12 15:03:41.600,1654.93736648218
2025-04-12 16:00:13.581,1657.3552467517923
2025-04-12 17:08:00.979,1644.1702834637751
2025-04-12 18:04:51.685,1635.0302373501033
2025-04-12 19:04:58.760,1651.1671649123248
2025-04-12 20:00:50.096,1640.6449219365388
2025-04-12 21:04:59.550,1649.496520253005
2025-04-12 22:04:54.417,1649.6083848950868
2025-04-12 23:01:14.984,1650.4492765830848
2025-04-13 00:04:56.481,1644.2784770464837
2025-04-13 01:04:38.152,1643.1315612984165
2025-04-13 02:04:43.642,1623.749146250073
2025-04-13 03:01:06.425,1623.227686680362
2025-04-13 04:04:50.583,1624.8647024053184
2025-04-13 05:04:44.621,1613.177117294942
2025-04-13 06:04:28.794,1608.5534632818253
2025-04-13 07:04:51.892,1618.8540533686526
2025-04-13 08:00:22.950,1613.431422813492
2025-04-13 09:04:51.034,1619.2118713228406
2025-04-13 10:04:49.170,1625.1548094515974
2025-04-13 11:04:58.152,1617.070106476903
2025-04-13 12:04:51.837,1601.9493583292365
2025-04-13 13:07:06.507,1603.1625324326158
2025-04-13 14:04:51.867,1574.108652903949
2025-04-13 15:03:57.299,1584.2106848229942
2025-04-13 16:08:37.475,1589.472908411628
2025-04-13 17:04:43.253,1594.653448590811
2025-04-13 18:06:24.807,1637.4825601557711
2025-04-13 19:04:53.074,1629.6908799358264
2025-04-13 20:04:56.300,1586.9854490285386
2025-04-13 21:06:43.671,1584.0780646703554
2025-04-13 22:01:33.924,1592.0207524187906
2025-04-13 23:04:56.628,1586.9159197553051
2025-04-14 00:04:42.079,1596.4089120380506
2025-04-14 01:04:57.949,1612.35663713407
2025-04-14 02:04:50.423,1615.1350888890922
2025-04-14 03:01:46.923,1636.6834679988162
2025-04-14 04:04:32.437,1629.0572115459756
2025-04-14 05:04:30.467,1637.3377909485448
2025-04-14 06:09:31.744,1621.407020626171
2025-04-14 07:04:40.907,1623.838994848737
2025-04-14 08:04:30.245,1633.3769208004665
2025-04-14 09:04:31.718,1637.911098057263
2025-04-14 10:04:25.559,1640.91564297101
2025-04-14 11:07:06.172,1676.775346418882
2025-04-14 12:07:21.013,1672.9624565950928
2025-04-14 13:04:51.881,1674.9962503950185
2025-04-14 14:04:54.490,1659.5880663175026
2025-04-14 15:02:39.118,1677.744630055882
2025-04-14 16:06:18.274,1627.9966437492578
2025-04-14 17:04:44.838,1630.399527087656
2025-04-14 18:04:56.991,1645.9809973802928
2025-04-14 19:02:35.412,1640.1817138969486
2025-04-14 20:01:06.158,1635.512279360845
2025-04-14 21:04:55.784,1634.728903113925
2025-04-14 22:04:40.797,1623.9588819891296
2025-04-14 23:04:56.387,1621.0722122683167
2025-04-15 00:04:52.663,1623.2257239346889
2025-04-15 01:04:56.011,1631.7041486817434
2025-04-15 02:05:50.605,1634.1170869409755
2025-04-15 03:04:32.602,1628.4495528481264
2025-04-15 04:01:21.251,1637.426183121527
2025-04-15 05:09:16.631,1640.4787153095517
2025-04-15 06:02:32.612,1641.6580755213733
2025-04-15 07:08:59.463,1638.5231292813833
2025-04-15 08:11:57.123,1643.703858821177
2025-04-15 09:04:39.996,1641.0413249058581
2025-04-15 10:03:33.785,1645.9341875653424
2025-04-15 11:04:45.784,1631.537436992756
2025-04-15 12:00:44.775,1630.5132737743043
2025-04-15 13:03:24.954,1640.1477108408042
2025-04-15 14:04:58.247,1631.8719599831506
2025-04-15 15:04:43.814,1621.7408450366693
2025-04-15 16:04:46.789,1618.6659297252631
2025-04-15 17:04:34.991,1623.4548754025855
2025-04-15 18:04:38.707,1615.942550687263
2025-04-15 19:05:56.041,1611.5705458877164
2025-04-15 20:04:44.592,1606.7633768546182
2025-04-15 21:04:49.244,1595.9180291778373
2025-04-15 22:04:56.337,1602.2957009981483
2025-04-15 23:04:53.117,1590.0684608612298
2025-04-16 00:04:48.124,1587.7746605269765
2025-04-16 01:04:50.680,1586.736117080646
2025-04-16 02:04:50.647,1596.3955726287963
2025-04-16 03:04:54.230,1597.3207135174073
2025-04-16 04:04:30.838,1591.8783229115186
2025-04-16 05:04:40.314,1584.1913160765052
2025-04-16 06:09:07.323,1570.3973596641574
2025-04-16 07:04:40.757,1577.615664903651
2025-04-16 08:09:22.685,1562.976578465612
2025-04-16 09:04:58.912,1575.6652392540934
2025-04-16 10:04:43.078,1570.0070308395889
2025-04-16 11:04:57.359,1581.0329218233323
2025-04-16 12:05:47.372,1583.5030266312194
2025-04-16 13:04:49.652,1578.359822609565
2025-04-16 14:59:10.960,1592.7310214863332
2025-04-16 15:02:14.038,1592.7310214863332
2025-04-16 16:04:26.860,1592.054750435383
2025-04-16 17:14:46.998,1593.6255039015348
2025-04-16 18:00:24.632,1565.34905624778
2025-04-16 19:04:56.390,1563.3635415869817
2025-04-16 20:02:13.832,1590.375226284212
2025-04-16 21:04:36.422,1577.813542271219
2025-04-16 22:04:43.491,1592.333092601665
2025-04-16 23:04:52.354,1588.6153179434
2025-04-17 00:05:17.648,1577.8368493093656
2025-04-17 01:04:51.002,1584.3351187421797
2025-04-17 02:04:55.765,1586.5371394426681
2025-04-17 03:04:40.097,1590.3139010970751
2025-04-17 04:08:03.148,1584.8746373181095
2025-04-17 05:06:21.922,1591.1645306153443
2025-04-17 06:03:53.486,1599.4690560520226
2025-04-17 07:05:09.005,1602.6920425642081
2025-04-17 08:04:41.856,1601.7113530689048
2025-04-17 09:04:53.450,1595.565652914133
2025-04-17 10:04:47.631,1594.7851792380243
2025-04-17 11:04:41.064,1593.1459655206127
2025-04-17 12:04:40.386,1593.9603382920711
2025-04-17 13:04:49.044,1599.8897784110004
2025-04-17 14:04:34.551,1594.7098763957288
2025-04-17 15:04:51.831,1571.301179521792
2025-04-17 16:04:29.456,1583.710426871075
2025-04-17 17:02:16.252,1604.4544612753516
2025-04-17 18:06:12.023,1611.5233713288285
2025-04-17 19:07:33.592,1603.3085120310639
2025-04-17 20:09:19.784,1584.589613198027
2025-04-17 21:04:56.359,1584.22704611546
2025-04-17 22:04:55.072,1588.204126280122
2025-04-17 23:04:57.093,1584.3180582857574
2025-04-18 00:07:04.758,1583.445590655848
2025-04-18 01:04:56.086,1579.8793504428193
2025-04-18 02:04:54.763,1582.6980323118228
2025-04-18 03:09:11.478,1583.5061235820483
2025-04-18 04:04:42.496,1583.6481009082715
2025-04-18 05:04:48.378,1581.7001766875007
2025-04-18 06:04:56.338,1578.7931714332728
2025-04-18 07:09:10.450,1580.3243172881103
2025-04-18 08:04:35.748,1583.7314594918637
2025-04-18 09:07:08.782,1585.9792289421625
2025-04-18 10:04:55.259,1588.3359370992366
2025-04-18 11:09:36.222,1583.7435061184601
2025-04-18 12:07:37.596,1590.2917836020438
2025-04-18 13:04:47.577,1593.5064218298114
2025-04-18 14:09:27.289,1593.991176960756
2025-04-18 15:02:10.501,1588.7489028445818
2025-04-18 16:06:22.450,1582.7839528180418
2025-04-18 17:07:06.352,1586.048608325077
2025-04-18 18:04:51.427,1591.3611699926455
2025-04-18 19:04:05.568,1593.6157842474295
2025-04-18 20:07:54.979,1592.443933079099
2025-04-18 21:07:16.435,1592.7940039721846
2025-04-18 22:04:58.935,1597.1879250798809
2025-04-18 23:04:09.723,1593.2650533838225
2025-04-19 00:04:46.576,1589.0383030121732
2025-04-19 01:04:40.928,1586.4566214316078
2025-04-19 02:04:53.666,1588.8011202867299
2025-04-19 03:04:40.010,1592.1927860571998
2025-04-19 04:04:55.402,1598.1150862609024
2025-04-19 05:04:52.262,1603.8093637895836
2025-04-19 06:05:47.151,1602.5539264938577
2025-04-19 07:08:19.560,1597.0873844417379
2025-04-19 08:03:49.669,1601.142699350916
2025-04-19 09:04:44.285,1602.3961535185886
2025-04-19 10:04:56.330,1598.6386288303613
2025-04-19 11:04:49.355,1596.6434854625031
2025-04-19 12:04:36.464,1596.178742593414
2025-04-19 13:04:42.359,1596.8166599051967
2025-04-19 14:04:39.939,1604.0035674923477
2025-04-19 15:08:05.618,1605.0970948843255
2025-04-19 16:04:48.145,1606.0098047087934
2025-04-19 17:04:47.944,1600.2975399226198
2025-04-19 18:04:47.394,1618.07233574164
2025-04-19 19:04:52.953,1616.6433027962403
2025-04-19 20:02:05.548,1615.1647488805709
2025-04-19 21:04:55.068,1615.00245184418
2025-04-19 22:04:18.955,1619.9735137085827
2025-04-19 23:04:56.460,1618.448075577537
2025-04-20 00:04:52.917,1613.6301991547682
2025-04-20 01:04:39.409,1610.3813916865831
2025-04-20 02:04:31.733,1617.0287009498843
2025-04-20 03:04:45.022,1616.5175472674484
2025-04-20 04:04:13.952,1610.9211687112993
2025-04-20 05:01:02.976,1614.788005639417
2025-04-20 06:01:10.365,1611.140165971942
2025-04-20 07:04:36.978,1605.7741468713334
2025-04-20 08:00:35.055,1595.3969937075979
2025-04-20 09:04:20.766,1589.6437697694635
2025-04-20 10:04:44.014,1591.0429817557037
2025-04-20 11:04:45.989,1575.9864553399373
2025-04-20 12:04:47.845,1571.5445538284162
2025-04-20 13:04:46.718,1575.98478916522
2025-04-20 14:04:31.150,1577.898354019055
2025-04-20 15:04:39.680,1580.4054153488773
2025-04-20 16:04:44.462,1573.6549472700067
2025-04-20 17:04:41.234,1580.7198535263165
2025-04-20 18:04:49.698,1579.1718317747782
2025-04-20 19:04:43.737,1580.937686720852
2025-04-20 20:00:01.785,1585.554943839502
2025-04-20 21:04:42.696,1588.9568906243449
2025-04-20 22:04:35.227,1588.2447122290696
2025-04-20 23:04:50.391,1581.6040811239568
2025-04-21 00:04:35.027,1586.3316796392694
2025-04-21 01:04:55.223,1611.76308132267
2025-04-21 02:04:54.509,1627.391707498208
2025-04-21 03:00:51.612,1632.278276497339
2025-04-21 04:04:43.298,1636.0618532303072
2025-04-21 05:03:45.894,1638.9480059750917
2025-04-21 06:00:38.882,1648.3336570589129
2025-04-21 07:03:06.678,1648.7687191301063
2025-04-21 08:04:44.226,1645.8463487764275
2025-04-21 09:09:31.649,1649.2442046872607
2025-04-21 10:04:36.934,1642.5030570667648
2025-04-21 11:04:41.253,1634.7011142760396
2025-04-21 12:04:30.670,1625.3132592458317
2025-04-21 13:09:29.832,1623.8494635572945
2025-04-21 14:01:18.859,1617.8765307461044
2025-04-21 15:04:57.948,1631.2236381302885
2025-04-21 16:01:53.771,1622.8007936356078
2025-04-21 17:04:51.150,1595.41177149144
2025-04-21 18:00:43.968,1581.3723791965006
2025-04-21 19:09:39.179,1571.389080628032
2025-04-21 20:09:30.551,1574.6287253876721
2025-04-21 21:04:47.737,1575.1227647508135
2025-04-21 22:09:36.438,1576.7809535087174
2025-04-21 23:03:19.474,1577.0525446706358
2025-04-22 00:06:00.806,1578.7839199994824
2025-04-22 01:04:58.470,1564.9009715618863
2025-04-22 02:01:42.189,1586.7994104313782
2025-04-22 03:04:41.283,1576.017082494034
2025-04-22 04:09:20.374,1580.820511560719
2025-04-22 05:04:50.403,1579.563720144082
2025-04-22 06:04:44.237,1583.5040742391159
2025-04-22 07:04:51.755,1581.1161405279731
2025-04-22 08:04:37.034,1618.4993154702781
2025-04-22 09:09:22.455,1627.6838430857222
2025-04-22 10:04:48.237,1625.7258506458695
2025-04-22 11:04:56.019,1628.2278623433206
2025-04-22 12:06:22.175,1630.6594342207375
2025-04-22 13:04:34.045,1636.1466244742908
2025-04-22 14:04:39.116,1641.1264565362978
2025-04-22 15:04:49.469,1671.3798384259348
2025-04-22 16:09:37.757,1702.6974692723961
2025-04-22 17:04:59.604,1693.1728188920201
2025-04-22 18:09:07.028,1701.6555956326952
2025-04-22 19:04:50.464,1704.4508547210398
2025-04-22 20:00:14.982,1692.6791080633338
2025-04-22 21:09:46.527,1697.0622006132885
2025-04-22 22:04:52.953,1751.834251497923
2025-04-22 23:09:35.863,1746.793208792367
2025-04-23 00:04:39.498,1757.9260709743578
2025-04-23 01:05:22.564,1751.3268258996502
2025-04-23 02:06:47.971,1766.625183822374
2025-04-23 03:09:19.368,1793.0916795800156
2025-04-23 04:09:16.096,1794.5422383041544
2025-04-23 05:04:46.748,1803.4146967193415
2025-04-23 06:09:40.294,1796.1235547627446
2025-04-23 07:04:33.400,1791.0899533893637
2025-04-23 08:07:05.914,1788.8926406298333
2025-04-23 09:04:03.537,1791.6347706698607
2025-04-23 10:06:25.822,1787.7037888433624
2025-04-23 11:07:43.708,1801.893335779742
2025-04-23 12:04:32.039,1796.2745245898666
2025-04-23 13:04:15.794,1814.0735743967386
2025-04-23 14:04:36.352,1793.5665863821234
2025-04-23 15:00:27.812,1791.0397358962578
2025-04-23 16:04:24.654,1790.0159373850563
2025-04-23 17:04:55.920,1793.2407362997867
2025-04-23 18:04:54.960,1799.1909242911452
2025-04-23 19:08:30.849,1796.8326157576892
2025-04-23 20:04:39.707,1785.6777631147806
2025-04-23 21:06:05.881,1796.7470008302391
2025-04-23 22:06:25.763,1792.0734486358856
2025-04-23 23:04:59.772,1803.5818670189085
2025-04-24 00:05:09.719,1796.006939720349
2025-04-24 01:04:59.296,1790.582197892096
2025-04-24 02:04:52.416,1795.5540157542773
2025-04-24 03:09:44.468,1780.4706437283962
2025-04-24 04:05:33.427,1772.3905456005598
2025-04-24 05:19:47.766,1775.1242594080688
2025-04-24 06:24:31.500,1768.6125611405428
2025-04-24 07:20:27.923,1772.3725751061013
2025-04-24 08:00:30.009,1755.7053710525659
2025-04-24 09:04:47.471,1733.6852344086776
2025-04-24 10:04:52.763,1742.860054622438
2025-04-24 11:04:55.416,1750.4901994994163
2025-04-24 12:04:50.498,1753.1237702265694
2025-04-24 13:04:56.607,1756.7276888768858
2025-04-24 14:04:57.292,1751.9341349391243
2025-04-24 15:09:06.979,1765.975294769866
2025-04-24 16:00:41.692,1767.893348721765
2025-04-24 17:09:47.112,1772.4697956058114
2025-04-24 18:04:53.875,1755.4083450916912
2025-04-24 19:04:34.662,1764.1717195339616
2025-04-24 20:09:03.017,1766.3588718137007
2025-04-24 21:03:38.061,1764.7947490082363
2025-04-24 22:01:56.042,1759.7319092543187
2025-04-24 23:01:54.569,1760.1413020556472
2025-04-25 00:05:21.504,1769.353842327614
2025-04-25 01:09:29.003,1774.097660406245
2025-04-25 02:04:56.947,1768.7744420138029
2025-04-25 03:07:47.538,1745.7130992951465
2025-04-25 04:04:40.293,1759.5943043937934
2025-04-25 05:04:49.670,1766.4859109856206
2025-04-25 06:06:56.724,1768.1714916015344
2025-04-25 07:07:50.433,1778.134568398705
2025-04-25 08:09:35.505,1776.1855299026695
2025-04-25 09:04:54.614,1776.2266648226685
2025-04-25 10:09:34.623,1785.37800271659
2025-04-25 11:07:24.106,1773.8141846001888
2025-04-25 12:00:24.641,1784.692198074594
2025-04-25 13:04:31.346,1777.9818642888256
2025-04-25 14:07:06.125,1773.3038655980704
2025-04-25 15:04:10.546,1806.2010762334905
2025-04-25 16:01:24.931,1808.7173616065531
2025-04-25 17:04:46.171,1801.7878182620213
2025-04-25 18:01:13.806,1787.5631248809962
2025-04-25 19:08:50.115,1799.1051715258825
2025-04-25 20:04:03.163,1797.3618529363953
2025-04-25 21:04:55.765,1799.6511379808896
2025-04-25 22:04:56.687,1792.848881570183
2025-04-25 23:04:44.398,1797.8045012380112
2025-04-26 00:09:33.792,1790.5351144924468
2025-04-26 01:04:49.848,1798.099733843576
2025-04-26 02:04:53.248,1808.0014742145981
2025-04-26 03:00:29.567,1811.2698689574063
2025-04-26 04:04:41.452,1797.8695441623718
2025-04-26 05:04:55.899,1793.215554063808
2025-04-26 06:04:51.100,1795.8326001029013
2025-04-26 07:00:18.718,1805.018737463248
2025-04-26 08:00:55.455,1803.6925412410762
2025-04-26 09:09:34.969,1805.9304141768876
2025-04-26 10:09:41.711,1804.0163117009204
2025-04-26 11:07:38.021,1805.8086418234195
2025-04-26 12:08:12.713,1788.432261371247
2025-04-26 13:09:39.373,1794.5000517080884
2025-04-26 14:09:46.961,1788.364469587394
2025-04-26 15:09:59.881,1794.4272239985369
2025-04-26 16:04:47.118,1801.5136943697014
2025-04-26 17:04:52.609,1802.1317192982588
2025-04-26 18:02:10.757,1805.0747288998687
2025-04-26 19:04:53.998,1805.7243532621505
2025-04-26 20:09:48.622,1812.7798198779356
2025-04-26 21:08:56.244,1809.537213726699
2025-04-26 22:04:49.415,1813.3620789012568
2025-04-26 23:06:10.177,1817.3360676227048
2025-04-27 00:09:38.431,1821.8866227731005
2025-04-27 01:04:30.273,1843.6786141975185
2025-04-27 02:04:56.571,1809.964704350854
2025-04-27 03:04:55.843,1813.3902817412384
2025-04-27 04:06:10.831,1809.506182403057
2025-04-27 05:05:12.354,1799.5009383870654
2025-04-27 06:05:14.445,1797.8640034016555
2025-04-27 07:01:50.924,1801.0156125464807
2025-04-27 08:04:59.620,1804.079670133237
2025-04-27 09:04:56.964,1810.896176637284
2025-04-27 10:04:41.804,1810.8535492453311
2025-04-27 11:05:35.223,1809.2695480602429
2025-04-27 12:06:11.537,1808.1424015587456
2025-04-27 13:11:40.044,1797.8704081722326
2025-04-27 14:09:57.027,1797.6295933680549
2025-04-27 15:03:10.192,1798.505837901598
2025-04-27 16:05:22.514,1794.1563011036585
2025-04-27 17:04:48.880,1795.1890446243444
2025-04-27 18:04:51.796,1799.1938045142963
2025-04-27 19:09:39.799,1804.5010367328707
2025-04-27 20:07:29.923,1806.0446567870927
2025-04-27 21:04:46.761,1803.5203286993942
2025-04-27 22:06:32.805,1804.804348699731
2025-04-27 23:06:05.628,1793.928792395812
2025-04-28 00:04:58.599,1793.529267244852
2025-04-28 01:02:24.248,1775.1495507087993
2025-04-28 02:04:55.815,1764.4287280374208
2025-04-28 03:06:29.115,1772.5567433659917
2025-04-28 04:04:47.835,1784.594029736688
2025-04-28 05:00:12.173,1788.4757024023188
2025-04-28 06:10:29.559,1796.876533904528
2025-04-28 07:09:37.321,1804.7326810020327
2025-04-28 08:04:34.577,1806.2840808273663
2025-04-28 09:08:03.602,1810.1591103800788
2025-04-28 10:09:31.558,1808.0007849551937
2025-04-28 11:07:46.958,1814.9079846303873
2025-04-28 12:04:58.782,1816.985618148521
2025-04-28 13:04:33.016,1809.6802730736097
2025-04-28 14:04:33.659,1787.3705365190574
2025-04-28 15:07:44.801,1785.0817324298223
2025-04-28 16:05:23.052,1760.3677232234143
2025-04-28 17:09:41.941,1760.4974223211618
2025-04-28 18:04:53.121,1771.449195703978
2025-04-28 19:09:23.412,1791.0210949258483
2025-04-28 20:05:39.810,1797.7570564718512
2025-04-28 21:07:07.827,1787.5143567822229
2025-04-28 22:08:14.819,1794.016686223183
2025-04-28 23:09:41.671,1801.2853132958962
2025-04-29 00:06:08.967,1800.1010871231133
2025-04-29 01:09:19.377,1803.2886109553858
2025-04-29 02:07:18.990,1797.731778834689
2025-04-29 03:04:51.081,1795.3281607970016
2025-04-29 04:04:55.324,1802.395959897514
2025-04-29 05:04:54.302,1793.0787607628647
2025-04-29 06:05:24.055,1795.2374190035546
2025-04-29 07:04:53.145,1817.5560885288053
2025-04-29 08:02:54.340,1822.1823006687885
2025-04-29 09:07:49.857,1831.4037923259987
2025-04-29 10:02:35.732,1832.2267441171073
2025-04-29 11:04:21.872,1826.910372573298
2025-04-29 12:06:25.577,1829.962105603149
2025-04-29 13:09:37.165,1822.4180692462546
2025-04-29 14:04:54.495,1816.9862760048443
2025-04-29 15:09:31.006,1822.1263344246345
2025-04-29 16:09:27.598,1816.8787644079623
2025-04-29 17:04:50.164,1822.0308150999704
2025-04-29 18:04:44.632,1825.6589262079297
2025-04-29 19:02:17.786,1826.6254387385009
2025-04-29 20:06:04.832,1823.8683235473254
2025-04-29 21:04:44.754,1810.3921619208318
2025-04-29 22:07:05.130,1796.6627413225042
2025-04-29 23:06:45.570,1794.8633925739844
2025-04-30 00:04:54.621,1798.9291194006541
2025-04-30 01:04:45.326,1805.5365888220053
2025-04-30 02:08:42.037,1796.3726835602608
2025-04-30 03:09:21.460,1802.2440829085376
2025-04-30 04:00:15.224,1807.2702940443244
2025-04-30 05:04:33.739,1811.9385480332558
2025-04-30 06:04:55.963,1805.0323466486839
2025-04-30 07:19:33.196,1805.4021634816418
2025-04-30 08:04:41.794,1796.522813610854
2025-04-30 09:09:15.340,1796.9272082758723
2025-04-30 10:07:39.183,1805.610240126589
2025-04-30 11:09:41.728,1809.0381443800675
2025-04-30 12:06:25.803,1815.2607328824356
2025-04-30 13:10:57.665,1771.9822791071722
2025-04-30 14:09:37.269,1750.4263968172445
2025-04-30 15:07:10.208,1761.3657143515813
2025-04-30 16:07:50.638,1764.0927740984246
2025-04-30 17:16:15.371,1765.1146908916267
2025-04-30 18:09:50.889,1777.6969247600935
2025-04-30 19:06:51.182,1783.6855874191126
2025-04-30 20:09:53.702,1791.020891654487
2025-04-30 21:11:38.409,1796.157958790658
2025-04-30 22:22:19.217,1796.7255903824184
2025-04-30 23:18:09.150,1797.71519832472
2025-05-01 00:14:25.940,1796.9319896931136
2025-05-01 01:14:17.675,1801.4807555885054
2025-05-01 02:16:20.779,1813.044299604725
2025-05-01 03:16:59.072,1810.5539781202892
2025-05-01 04:12:53.346,1807.6865458614711
2025-05-01 05:09:51.175,1808.1491978487702
2025-05-01 06:11:21.519,1812.8667364165196
2025-05-01 07:13:20.495,1806.3320536161032
2025-05-01 08:09:48.219,1811.1652412582594
2025-05-01 09:09:24.521,1816.6520967170577
2025-05-01 10:05:21.553,1820.356087608828
2025-05-01 11:00:39.019,1839.6444899931603
2025-05-01 12:14:56.053,1847.6683362874612
2025-05-01 13:13:34.409,1848.7934621058528
2025-05-01 14:09:52.037,1833.6148539986418
2025-05-01 15:06:21.357,1847.354945167742
2025-05-01 16:02:40.892,1853.4251773234257
2025-05-01 17:10:59.410,1862.48203361244
2025-05-01 18:01:46.827,1855.3861927163518
2025-05-01 19:03:49.139,1855.908306425646
2025-05-01 20:06:49.668,1844.9086489752328
2025-05-01 21:04:57.538,1841.0705360815357
2025-05-01 22:08:10.928,1844.3416678282276
2025-05-01 23:09:48.513,1838.7804770669857
2025-05-02 00:09:58.046,1839.9549314623546
2025-05-02 01:09:40.357,1848.2311571859047
2025-05-02 02:04:14.159,1843.570572771163
2025-05-02 03:03:30.618,1849.177156166472
2025-05-02 04:09:41.816,1848.3954674871645
2025-05-02 05:04:50.848,1841.761199430556
2025-05-02 06:05:13.795,1832.845296363659
2025-05-02 07:09:03.978,1830.9629070019196
2025-05-02 08:09:20.605,1816.70334977005
2025-05-02 09:04:52.650,1823.7092363789736
2025-05-02 10:04:36.160,1824.179879314154
2025-05-02 11:04:56.774,1831.5264427144969
2025-05-02 12:09:47.099,1834.5531730127332
2025-05-02 13:11:11.570,1838.2691252228587
2025-05-02 14:09:37.793,1836.5486751769809
2025-05-02 15:14:44.162,1848.8125967961562
2025-05-02 16:20:46.094,1863.1971382759236
2025-05-02 17:14:55.849,1848.432162488096
2025-05-02 18:03:16.207,1851.758539044154
2025-05-02 19:08:01.751,1848.888841707347
2025-05-02 20:09:58.191,1839.8824845084912
2025-05-02 21:09:58.496,1846.9724985254113
2025-05-02 22:10:49.403,1837.6222368554327
2025-05-02 23:04:57.526,1835.655871058904
2025-05-03 00:09:39.675,1842.452917581662
2025-05-03 01:04:59.973,1839.139847412262
2025-05-03 02:04:54.539,1829.3817648926095
2025-05-03 03:02:47.279,1834.4211375351179
2025-05-03 04:04:56.850,1835.7360332540168
2025-05-03 05:09:46.857,1838.3679937031131
2025-05-03 06:00:20.115,1834.8824679678676
2025-05-03 07:09:41.859,1828.1494013466076
2025-05-03 08:14:51.749,1825.5296637182705
2025-05-03 09:10:45.596,1825.361416226509
2025-05-03 10:02:17.714,1825.2648155998568
2025-05-03 11:09:42.117,1822.4649974152262
2025-05-03 12:12:06.541,1825.136307977099
2025-05-03 13:11:31.056,1831.7879035146384
2025-05-03 14:09:44.057,1836.0261669800943
2025-05-03 15:04:59.947,1835.2867125077307
2025-05-03 16:01:46.428,1835.3666188014643
2025-05-03 17:02:09.204,1827.16534681186
2025-05-03 18:02:05.516,1824.553375529811
2025-05-03 19:04:59.960,1825.8280528688083
2025-05-03 20:04:59.785,1838.5725783970358
2025-05-03 21:04:40.842,1838.7566960755014
2025-05-03 22:09:52.480,1841.0668410284545
2025-05-03 23:07:08.042,1841.828927342048
2025-05-04 00:09:48.552,1834.483783405862
2025-05-04 01:04:57.952,1836.6982118465382
2025-05-04 02:01:12.633,1835.9439050665808
2025-05-04 03:04:59.288,1834.3487873398306
2025-05-04 04:06:22.531,1832.9472945164512
2025-05-04 05:04:52.889,1831.4995116795697
2025-05-04 06:04:53.664,1846.6184612269244
2025-05-04 07:05:53.484,1845.1969942281555
2025-05-04 08:08:17.010,1840.3250664762884
2025-05-04 09:09:18.436,1831.2313304900972
2025-05-04 10:05:39.120,1827.1977713994113
2025-05-04 11:04:53.530,1827.6940147596997
2025-05-04 12:09:50.826,1828.9878046023669
2025-05-04 13:05:37.815,1831.5610355937306
2025-05-04 14:09:43.032,1825.6865088753768
2025-05-04 15:09:59.230,1831.5747361451865
2025-05-04 16:10:00.108,1831.6371403931184
2025-05-04 17:14:54.119,1829.2075995930243
2025-05-04 18:08:45.286,1829.407919865807
2025-05-04 19:08:48.208,1826.7547375095132
2025-05-04 20:06:32.248,1829.4862209128025
2025-05-04 21:09:59.535,1836.2126320382713
2025-05-04 22:09:31.244,1832.504151716747
2025-05-04 23:09:11.934,1817.2554684540448
2025-05-05 00:09:55.083,1808.6303042363204
2025-05-05 01:07:34.564,1816.0553464588584
2025-05-05 02:07:56.134,1790.011200429572
2025-05-05 03:03:04.707,1799.8749050408576
2025-05-05 04:12:30.922,1795.6512213233864
2025-05-05 05:08:15.201,1804.339298324746
2025-05-05 06:07:22.736,1816.8672900751285
2025-05-05 07:09:53.246,1819.3826654675524
2025-05-05 08:09:52.490,1826.346843325409
2025-05-05 09:04:39.431,1828.2165443565045
2025-05-05 10:04:59.235,1824.800271028791
2025-05-05 11:04:55.975,1804.2307801972024
2025-05-05 12:06:21.612,1802.1086243820575
2025-05-05 13:11:02.882,1805.817923152503
2025-05-05 14:09:29.012,1809.6970477096033
2025-05-05 15:09:44.420,1805.5834925892423
2025-05-05 16:02:29.362,1800.0960323221389
2025-05-05 17:09:53.302,1808.6700719495243
2025-05-05 18:06:21.582,1813.687088217676
2025-05-05 19:03:53.947,1822.708984839163
2025-05-05 20:04:45.132,1816.0024081881568
2025-05-05 21:04:59.119,1808.5073259727596
2025-05-05 22:06:05.738,1816.7676997744193
2025-05-05 23:04:55.092,1826.0432785155529
2025-05-06 00:09:46.555,1818.5978495141944
2025-05-06 01:07:48.826,1812.2353950610504
2025-05-06 02:09:49.808,1805.0103694095485
2025-05-06 03:06:31.559,1802.2882322982855
2025-05-06 04:08:46.066,1805.4728412686966
2025-05-06 05:04:56.203,1806.800837211235
2025-05-06 06:05:45.853,1799.8746663558095
2025-05-06 07:04:58.081,1805.0748302074105
2025-05-06 08:03:11.845,1805.5895098871194
2025-05-06 09:04:52.073,1800.2742240415582
2025-05-06 10:04:48.539,1796.991807093909
2025-05-06 11:07:44.855,1786.8375023624292
2025-05-06 12:08:00.127,1769.1201921004642
2025-05-06 13:09:10.065,1773.047053873063
2025-05-06 14:09:49.491,1763.9738538249753
2025-05-06 15:04:25.377,1769.141273015187
2025-05-06 16:03:25.697,1770.5302919640346
2025-05-06 17:04:57.496,1764.5915308500005
2025-05-06 18:04:58.125,1767.4793318950644
2025-05-06 19:07:05.546,1787.645225126255
2025-05-06 20:04:57.674,1786.296146247892
2025-05-06 21:04:54.736,1774.785261679547
2025-05-06 22:09:44.997,1783.3434001598991
2025-05-06 23:07:39.637,1808.3930612144245
2025-05-07 00:09:28.344,1817.273863095156
2025-05-07 01:09:09.299,1843.2155844481033
2025-05-07 02:09:45.716,1834.1183142708899
2025-05-07 03:09:50.104,1824.4506043136219
2025-05-07 04:09:33.733,1827.3155410518211
2025-05-07 05:20:17.005,1827.2444228312913
2025-05-07 06:03:40.721,1827.3948758648455
2025-05-07 07:04:52.576,1829.7641092296117
2025-05-07 08:09:31.836,1837.586992768462
2025-05-07 09:04:47.287,1840.6366539743171
2025-05-07 10:02:41.742,1843.2984401867095
2025-05-07 11:09:45.533,1833.6131626730125
2025-05-07 12:01:53.235,1836.0433700437916
2025-05-07 13:02:17.839,1829.9312949707464
2025-05-07 14:04:23.721,1828.767237351894
2025-05-07 15:09:56.260,1819.9972657563967
2025-05-07 16:03:15.523,1817.5571909983269
2025-05-07 17:09:43.487,1812.46131467285
2025-05-07 18:04:59.440,1793.3443761184217
2025-05-07 19:09:30.717,1799.8927866261622
2025-05-07 20:05:59.174,1797.1120181298033
2025-05-07 21:04:42.474,1795.5527090449941
2025-05-07 22:04:49.228,1802.1277939647055
2025-05-07 23:09:30.746,1817.9775714707328
2025-05-08 00:04:55.278,1811.709547761422
2025-05-08 01:09:30.936,1826.9726746400622
2025-05-08 02:09:28.324,1824.683856937454
2025-05-08 03:29:00.530,1845.0227699916106
2025-05-08 04:04:52.076,1887.208839388797
2025-05-08 05:04:45.701,1898.1255521129206
2025-05-08 06:04:25.550,1895.7813214611842
2025-05-08 07:04:33.046,1908.28755071883
2025-05-08 08:04:42.272,1928.2761208349293
2025-05-08 09:00:53.980,1937.6064840947076
2025-05-08 10:04:47.427,1939.7193855036496
2025-05-08 11:04:39.307,1971.4105140414706
2025-05-08 12:04:49.368,1957.8638162147245
2025-05-08 13:02:55.876,1963.983509074171
2025-05-08 14:04:31.580,1977.6422349053505
2025-05-08 15:04:58.408,2001.893047341553
2025-05-08 16:02:12.960,2071.7184427420852
2025-05-08 17:04:43.336,2048.977992987509
2025-05-08 18:04:25.872,2046.0475904792831
2025-05-08 19:09:15.931,2067.4512780978635
2025-05-08 20:04:25.517,2108.6036084102957
2025-05-08 21:04:20.206,2181.7164084234
2025-05-08 22:00:53.031,2177.9775204263574
2025-05-08 23:04:32.187,2180.1702953317786
2025-05-09 00:04:37.574,2202.0859687473653
2025-05-09 01:05:55.278,2198.2538767693986
2025-05-09 02:09:17.105,2200.0336071936267
2025-05-09 03:04:16.598,2209.5669465635674
2025-05-09 04:04:17.706,2211.0852001004746
2025-05-09 05:04:42.306,2213.7135782373225
2025-05-09 06:04:10.609,2212.539744519373
2025-05-09 07:37:37.696,2302.282276504084
2025-05-09 08:09:44.135,2372.363883405959
2025-05-09 09:04:26.879,2411.733512124925
2025-05-09 10:01:06.867,2335.4601202978106
2025-05-09 12:04:48.415,2348.162528554833
2025-05-09 13:04:46.977,2339.630404639716
2025-05-09 14:02:21.214,2371.7914637466183
2025-05-09 15:02:15.051,2303.387555755197
2025-05-09 16:04:31.923,2299.9439692635533
2025-05-09 17:04:51.149,2301.2112705475206
2025-05-09 18:04:50.140,2348.605332369923
2025-05-09 19:04:57.084,2341.0211562419368
2025-05-09 20:00:39.110,2324.388595042604
2025-05-09 21:04:51.602,2336.4311769859105
2025-05-09 22:04:48.911,2337.606262343184
2025-05-09 23:02:43.548,2335.426186252951
2025-05-10 00:01:09.605,2343.0800462070592
2025-05-10 01:04:50.078,2330.3388694315536
2025-05-10 02:06:54.255,2337.22717320066
2025-05-10 03:00:14.907,2342.6091478174403
2025-05-10 04:08:39.100,2336.960705576722
2025-05-10 05:09:15.920,2339.0282080940196
2025-05-10 06:01:28.232,2349.7004326060787
2025-05-10 07:02:59.076,2359.8562184579905
2025-05-10 08:04:18.436,2371.659219752954
2025-05-10 09:05:17.061,2381.8967648208286
2025-05-10 10:04:32.674,2407.516899561169
2025-05-10 11:04:31.734,2407.8570472919732
2025-05-10 12:04:34.232,2386.8760206879037
2025-05-10 13:03:43.046,2408.6991790120774
2025-05-10 14:01:11.805,2434.0401167705927
2025-05-10 15:04:26.101,2435.9696637154125
2025-05-10 16:01:46.707,2438.3136519601753
2025-05-10 17:03:16.122,2462.411995420295
2025-05-10 18:04:40.078,2463.0493752193365
2025-05-10 19:04:53.086,2494.8214383892114
2025-05-10 20:04:24.950,2499.2311450180764
2025-05-10 21:06:17.093,2496.806622215673
2025-05-10 22:04:46.288,2533.508422992027
2025-05-10 23:04:35.304,2577.0763576188947
2025-05-11 00:04:39.909,2582.983998398728
2025-05-11 01:04:27.193,2543.6022541558873
2025-05-11 02:09:14.961,2529.0688757311964
2025-05-11 03:04:48.157,2540.8436765317538
2025-05-11 04:04:32.309,2540.6601163212963
2025-05-11 05:04:42.289,2542.0137067590467
2025-05-11 06:04:46.178,2557.147577077816
2025-05-11 07:04:55.698,2521.919191400285
2025-05-11 08:06:35.829,2484.274493805167
2025-05-11 09:00:39.407,2482.476382924751
2025-05-11 10:04:57.804,2515.203804285232
2025-05-11 11:05:59.577,2509.614582828338
2025-05-11 12:04:47.901,2528.7848474402176
2025-05-11 13:04:38.599,2517.628700976869
2025-05-11 14:03:52.220,2480.2988750444515
2025-05-11 15:08:58.011,2491.1468312536726
2025-05-11 16:04:58.513,2462.533734758777
2025-05-11 17:04:59.024,2469.1137424257754
2025-05-11 18:04:53.464,2491.714659484113
2025-05-11 19:04:35.217,2506.7572188940494
2025-05-11 20:04:36.984,2513.8253887796327
2025-05-11 21:04:55.852,2508.131804094531
2025-05-11 22:09:19.594,2517.566785683754
2025-05-11 23:03:20.333,2501.018796919014
2025-05-12 00:04:59.921,2509.652769049867
2025-05-12 01:09:34.812,2533.807923829595
2025-05-12 02:01:42.158,2510.9157019634945
2025-05-12 03:04:47.247,2520.8609615225037
2025-05-12 04:03:27.520,2516.6969110791624
2025-05-12 05:02:21.842,2517.862202056849
2025-05-12 06:00:43.426,2496.5332619948917
2025-05-12 07:04:46.504,2516.7957844967186
2025-05-12 08:09:31.530,2549.894723572004
2025-05-12 09:04:00.741,2574.938935577758
2025-05-12 10:04:38.611,2551.600622391546
2025-05-12 11:01:04.886,2557.7534306841217
2025-05-12 12:01:33.870,2530.9107979203077
2025-05-12 13:04:51.034,2553.8584535235113
2025-05-12 14:01:40.802,2561.688889607242
2025-05-12 15:04:36.661,2512.565026605353
2025-05-12 16:01:04.057,2488.87195754918
2025-05-12 17:04:39.407,2502.6531331532437
2025-05-12 18:04:59.808,2477.259988751511
2025-05-12 19:06:13.472,2443.223474051164
2025-05-12 20:04:57.465,2457.6391105671846
2025-05-12 21:04:41.858,2487.0117849933504
2025-05-12 22:09:17.648,2481.728663161603
2025-05-12 23:04:51.239,2488.7558379805832
2025-05-13 00:04:54.834,2493.597278406928
2025-05-13 01:04:59.178,2466.4944449357904
2025-05-13 02:04:56.123,2455.9614263805074
2025-05-13 03:02:32.349,2438.301285275964
2025-05-13 04:04:42.106,2425.7601283044037
2025-05-13 05:04:53.159,2454.807550281412
2025-05-13 06:05:44.055,2446.6585700495116
2025-05-13 07:04:52.938,2453.8896286636946
2025-05-13 08:01:15.974,2463.5322329469736
2025-05-13 09:04:59.122,2457.971541681895
2025-05-13 10:07:01.574,2484.049656824745
2025-05-13 11:04:45.918,2482.6707854548476
2025-05-13 12:04:46.571,2512.4143281272777
2025-05-13 13:09:21.587,2527.1019032055533
2025-05-13 14:04:57.101,2548.1829406558836
2025-05-13 15:01:28.993,2542.099496209644
2025-05-13 16:07:15.261,2563.93648286593
2025-05-13 17:00:10.547,2587.807683280823
2025-05-13 18:02:16.523,2610.043438204742
2025-05-13 19:04:44.325,2643.039967153253
2025-05-13 20:04:38.574,2693.093801248166
2025-05-13 21:01:38.436,2687.842755951372
2025-05-13 22:08:50.675,2687.5656928121816
2025-05-13 23:04:04.311,2692.6072947156576
2025-05-14 00:06:32.173,2676.639163127913
2025-05-14 01:04:38.876,2690.3732925170607
2025-05-14 02:04:45.823,2683.5774597263307
2025-05-14 03:02:21.297,2647.1271171903522
2025-05-14 04:07:41.781,2642.250566353624
2025-05-14 05:04:27.446,2663.3081856012195
2025-05-14 06:04:43.821,2672.604896794861
2025-05-14 07:03:05.824,2670.3539283361374
2025-05-14 08:01:57.862,2650.4831851815356
2025-05-14 09:04:42.339,2619.282307934333
2025-05-14 10:04:00.936,2605.246018876184
2025-05-14 11:04:54.312,2599.7889780442815
2025-05-14 12:06:19.545,2621.652196289827
2025-05-14 13:07:18.252,2614.383082608857
2025-05-14 14:04:46.386,2601.6724286542085
2025-05-14 15:18:34.703,2580.419455497946
2025-05-14 16:04:49.865,2592.4745383188683
2025-05-14 17:07:18.135,2587.1170258836414
2025-05-14 18:11:58.834,2587.940237457179
2025-05-14 19:04:49.539,2599.2146715401036
2025-05-14 20:01:59.041,2605.3313758060663
2025-05-14 21:04:56.151,2604.0176546505113
2025-05-14 22:04:56.032,2599.0294612168564
2025-05-14 23:04:37.885,2596.3996340952376
2025-05-15 00:09:49.981,2609.010738285919
2025-05-15 01:07:56.163,2635.9021502165165
2025-05-15 02:00:58.307,2594.575800503881
2025-05-15 03:08:03.653,2592.7810169977756
2025-05-15 04:09:06.866,2578.734771895038
2025-05-15 05:04:35.192,2589.383247071365
2025-05-15 06:09:54.073,2574.47085519388
2025-05-15 07:06:47.521,2570.8327120955623
2025-05-15 08:04:45.952,2534.558520582415
2025-05-15 09:09:55.648,2557.8530783618153
2025-05-15 10:09:47.521,2538.1500465104095
2025-05-15 11:09:50.058,2539.6627200802664
2025-05-15 12:09:33.915,2554.1279846172924
2025-05-15 13:04:54.662,2558.5851458575667
2025-05-15 14:04:56.627,2540.0974737332403
2025-05-15 15:04:50.559,2498.0099653226157
2025-05-15 16:06:00.329,2553.1223188927756
2025-05-15 17:09:42.575,2582.0736709573835
2025-05-15 18:09:31.416,2582.7428605349896
2025-05-15 19:03:34.283,2530.5033799659595
2025-05-15 20:04:57.137,2531.073450307276
2025-05-15 21:04:58.087,2536.0546164029306
2025-05-15 22:04:38.350,2534.4805502687436
2025-05-15 23:08:37.501,2547.3021542428714
2025-05-16 00:02:21.378,2545.164709532804
2025-05-16 01:09:56.884,2547.9675686436753
2025-05-16 02:00:00.759,2560.6618490828914
2025-05-16 03:09:58.385,2573.0438033332252
2025-05-16 04:04:47.439,2577.256476750408
2025-05-16 05:09:44.807,2573.615865195518
2025-05-16 06:09:28.564,2592.7251846137797
2025-05-16 07:04:55.028,2596.529468272622
2025-05-16 08:01:12.763,2602.902408338982
2025-05-16 09:09:52.670,2570.797399622884
2025-05-16 10:06:08.004,2611.309921716259
2025-05-16 11:07:26.083,2625.767716928986
2025-05-16 12:00:56.976,2623.2676655805617
2025-05-16 13:04:48.300,2602.947385198418
2025-05-16 14:05:25.853,2605.8338171387136
2025-05-16 15:01:10.432,2585.846485594543
2025-05-16 16:09:49.740,2593.126551929814
2025-05-16 17:08:33.541,2584.7486201111797
2025-05-16 18:04:25.584,2582.036350469725
2025-05-16 19:04:57.400,2587.023284299048
2025-05-16 20:04:43.438,2585.911962644756
2025-05-16 21:01:15.469,2567.4109901568727
2025-05-16 22:00:58.350,2570.3422398822163
2025-05-16 23:04:44.585,2546.2337063140153
2025-05-17 00:09:40.648,2540.1707179128266
2025-05-17 01:04:52.668,2506.6753422614074
2025-05-17 02:04:53.854,2480.600619380282
2025-05-17 03:04:53.171,2488.7191793761926
2025-05-17 04:06:49.969,2495.5494905613145
2025-05-17 05:04:42.404,2506.3456236947027
2025-05-17 06:09:48.817,2488.7154249662867
2025-05-17 07:09:36.150,2492.3291337766423
2025-05-17 08:04:45.695,2492.5131505112663
2025-05-17 09:09:53.382,2486.5222805481617
2025-05-17 10:09:45.467,2481.203156344918
2025-05-17 11:09:28.393,2483.86592123914
2025-05-17 12:03:43.209,2484.468366109973
2025-05-17 13:02:39.504,2478.149153543606
2025-05-17 14:06:02.020,2458.8441592006197
2025-05-17 15:01:58.242,2479.9934266278015
2025-05-17 16:03:30.772,2478.6177260779464
2025-05-17 17:08:22.957,2462.241924926455
2025-05-17 18:04:39.265,2474.8645858948557
2025-05-17 19:04:26.508,2474.8111068284466
2025-05-17 20:07:46.002,2473.8835339716798
2025-05-17 21:07:47.738,2483.068045267888
2025-05-17 22:04:40.302,2485.991156056452
2025-05-17 23:04:49.004,2462.5921144113718
2025-05-18 00:06:33.314,2476.1381403269975
2025-05-18 01:04:48.050,2478.3973825094936
2025-05-18 02:04:48.484,2482.404045957829
2025-05-18 03:04:57.185,2481.794375356485
2025-05-18 04:05:50.871,2479.491292796371
2025-05-18 05:04:44.303,2485.336324789543
2025-05-18 06:01:21.595,2507.997261415804
2025-05-18 07:07:35.994,2498.071958809907
2025-05-18 08:06:38.909,2508.225832929976
2025-05-18 09:02:42.256,2520.6672436076537
2025-05-18 10:02:39.668,2511.7531839533694
2025-05-18 11:02:41.275,2504.659427984933
2025-05-18 12:04:40.044,2504.6818401916885
2025-05-18 13:09:20.470,2506.100399298591
2025-05-18 14:09:57.200,2526.4275317572856
2025-05-18 15:09:42.890,2555.6649754079067
2025-05-18 16:09:34.399,2575.9898635458676
2025-05-18 17:09:45.688,2572.0945536827076
2025-05-18 18:09:42.882,2513.716035118618
2025-05-18 19:00:47.242,2471.5628888085416
2025-05-18 20:09:40.179,2406.548808141917
2025-05-18 21:01:41.117,2396.875493358906
2025-05-18 22:02:32.711,2417.6903103142035
2025-05-18 23:04:42.535,2433.234095580067
2025-05-19 00:03:14.193,2473.8388724116753
2025-05-19 01:09:39.906,2442.8263844996154
2025-05-19 02:04:53.392,2432.2299411608524
2025-05-19 03:05:33.206,2408.593010315303
2025-05-19 04:04:58.525,2386.6355426158184
2025-05-19 05:04:36.396,2370.8394723665187
2025-05-19 06:01:06.511,2379.529587610473
2025-05-19 07:04:33.630,2371.09160363549
2025-05-19 08:04:58.277,2404.1273345300633
2025-05-19 09:04:58.120,2403.22123013882
2025-05-19 10:09:47.948,2407.2132176724162
2025-05-19 11:09:42.235,2412.664347409646
2025-05-19 12:09:37.723,2417.265492533581
2025-05-19 13:04:46.371,2397.258909546654
2025-05-19 14:02:21.031,2427.263660528342
2025-05-19 15:09:29.021,2450.2203728318386
2025-05-19 16:04:59.864,2463.755062721722
2025-05-19 17:09:53.418,2495.1987290344828
2025-05-19 18:09:45.372,2515.758548892882
2025-05-19 19:01:02.458,2495.157597158679
2025-05-19 20:08:54.109,2519.618669522085
2025-05-19 21:09:51.341,2521.8274378683736
2025-05-19 22:04:47.319,2517.148307128567
2025-05-19 23:06:42.648,2503.3632536763234
2025-05-20 00:09:00.544,2530.030833562055
2025-05-20 01:12:29.983,2520.400338498342
2025-05-20 02:04:57.711,2539.060085876319
2025-05-20 03:04:50.627,2568.5224960658747
2025-05-20 04:09:30.138,2552.086398484491
2025-05-20 05:08:32.982,2565.5996066733564
2025-05-20 06:03:37.774,2565.173177011731
2025-05-20 07:08:09.940,2544.03483430021
2025-05-20 08:03:38.162,2531.92013089243
2025-05-20 09:03:53.439,2531.381103717653
2025-05-20 10:03:30.830,2531.288312362076
2025-05-20 11:03:54.169,2515.267111753899
2025-05-20 12:04:03.012,2514.696518916988
2025-05-20 13:03:38.686,2490.8595777583982
2025-05-20 14:03:41.980,2478.4674832257397
2025-05-20 15:03:31.947,2475.3544815257487
2025-05-20 16:06:20.111,2483.7599158034914
2025-05-20 17:03:32.833,2478.5386942519303
2025-05-20 18:03:55.061,2499.0372618997535
2025-05-20 19:03:22.760,2466.085801537128
2025-05-20 20:08:20.657,2494.8380772328223
2025-05-20 21:03:35.381,2511.1231478687814
2025-05-20 22:03:43.593,2507.6612680688354
2025-05-20 23:03:15.852,2507.8720468161687
2025-05-21 00:03:50.513,2523.24767489843
2025-05-21 01:03:52.718,2528.050576184124
2025-05-21 02:03:55.147,2541.291069851279
2025-05-21 03:03:16.619,2536.697601490177
2025-05-21 04:03:38.986,2548.161766234994
2025-05-21 05:03:32.758,2551.900933046908
2025-05-21 06:03:15.883,2590.67819507974
2025-05-21 07:03:40.853,2599.2199821675194
2025-05-21 08:03:29.923,2555.8608686763
2025-05-21 09:03:27.517,2545.8033419548515
2025-05-21 10:02:48.153,2523.7682367730577
2025-05-21 11:03:38.679,2528.309962491896
2025-05-21 12:03:46.733,2541.3551251387494
2025-05-21 13:03:43.020,2539.2013406221363
2025-05-21 14:03:23.937,2548.486680802275
2025-05-21 15:03:52.052,2558.638154583405
2025-05-21 16:01:14.088,2564.0141526781026
2025-05-21 17:03:15.932,2597.506070577838
2025-05-21 18:03:22.526,2482.411552280898
2025-05-21 19:03:34.433,2481.0411355559795
2025-05-21 20:03:40.906,2496.210938693532
2025-05-21 21:03:36.281,2500.485544629077
2025-05-21 22:02:26.903,2508.5572197534298
2025-05-21 23:03:50.760,2527.8488071736037
2025-05-22 00:03:07.995,2558.9502343769486
2025-05-22 01:03:29.530,2574.6791178033404
2025-05-22 02:03:45.338,2577.5889781478318
2025-05-22 03:04:00.008,2595.268606842277
2025-05-22 04:03:27.219,2631.273635768754
2025-05-22 05:03:50.994,2627.894620306613
2025-05-22 06:04:13.136,2632.0503668961355
2025-05-22 07:03:37.057,2611.6263576395104
2025-05-22 08:03:07.754,2629.6462561950707
2025-05-22 09:01:18.508,2659.5495194949453
2025-05-22 10:03:48.205,2667.699094754287
2025-05-22 11:08:07.605,2659.4547518829427
2025-05-22 12:03:39.719,2652.474099089489
2025-05-22 13:03:50.212,2654.6379481667664
2025-05-22 14:03:51.681,2646.8750386033585
2025-05-22 15:03:29.284,2661.845855623208
2025-05-22 16:03:47.525,2668.496207569373
2025-05-22 17:03:29.520,2651.7390120621217
2025-05-22 18:01:16.102,2659.7022533706263
2025-05-22 19:03:21.756,2663.1289804303956
2025-05-22 20:03:43.939,2635.3448266823652
2025-05-22 21:03:24.532,2639.866804635847
2025-05-22 22:03:51.703,2635.8168512789207
2025-05-22 23:03:44.585,2642.0511487892027
2025-05-23 00:04:02.027,2658.6712468472556
2025-05-23 01:04:19.269,2658.6087144792236
2025-05-23 02:03:51.451,2677.165258082105
2025-05-23 03:03:30.972,2711.7479951291475
2025-05-23 04:03:30.135,2720.7558201807396
2025-05-23 05:03:12.627,2693.6529145345285
2025-05-23 06:03:34.183,2693.379924579047
2025-05-23 07:03:15.164,2658.469916671048
2025-05-23 08:03:30.095,2658.172565956373
2025-05-23 09:03:21.800,2668.331596343401
2025-05-23 10:03:35.587,2683.398544301925
2025-05-23 11:03:31.580,2667.6448216820604
2025-05-23 12:03:29.035,2593.8389122424887
2025-05-23 13:03:32.284,2546.752667798416
2025-05-23 14:03:39.936,2578.2377307122433
2025-05-23 15:04:07.388,2581.0918119877333
2025-05-23 16:04:02.719,2575.173538289926
2025-05-23 17:04:02.166,2564.6157327839505
2025-05-23 18:04:01.393,2578.2811166524302
2025-05-23 19:03:54.236,2562.790648033313
2025-05-23 20:03:26.999,2565.5667105409457
2025-05-23 21:03:48.561,2546.3665793808823
2025-05-23 22:03:24.037,2540.685216007815
2025-05-23 23:03:40.893,2541.583536858652
2025-05-24 00:01:53.736,2519.813809045145
2025-05-24 01:03:34.484,2525.9232800611894
2025-05-24 02:03:34.939,2529.4061205459393
2025-05-24 03:00:17.657,2539.5523617456515
2025-05-24 04:08:41.203,2548.6633584389683
2025-05-24 05:04:07.122,2557.5502512585877
2025-05-24 06:01:37.930,2549.6212043549117
2025-05-24 07:03:28.576,2543.9595241839256
2025-05-24 08:03:47.997,2550.137350754068
2025-05-24 09:03:20.984,2554.4858908818073
2025-05-24 10:03:19.949,2557.21764855182
2025-05-24 11:08:33.049,2572.8314357517725
2025-05-24 12:02:04.907,2566.6496850697704
2025-05-24 13:03:51.250,2558.125381934164
2025-05-24 14:03:43.917,2553.4387332553447
2025-05-24 15:03:35.073,2557.9822522505146
2025-05-24 16:04:01.235,2554.4740446524825
2025-05-24 17:03:52.709,2557.886582395531
2025-05-24 18:03:45.265,2561.5602487284423
2025-05-24 19:03:39.048,2553.7921298239075
2025-05-24 20:08:13.970,2553.465195955638
2025-05-24 21:03:45.829,2553.3764346436215
2025-05-24 22:04:03.568,2538.1689211451053
2025-05-24 23:03:56.815,2531.5239102054193
2025-05-25 00:04:07.625,2529.763966464483
2025-05-25 01:03:42.474,2506.084058134636
2025-05-25 02:03:52.126,2499.8780847191415
2025-05-25 03:03:30.184,2505.62816115921
2025-05-25 04:03:40.304,2516.597196502024
2025-05-25 05:03:52.852,2516.1297572287885
2025-05-25 06:03:36.592,2512.8042115894773
2025-05-25 07:03:52.498,2506.877259364937
2025-05-25 08:03:57.895,2493.8853988467695
2025-05-25 09:03:47.694,2480.5366950706252
2025-05-25 10:03:37.516,2486.9131053538154
2025-05-25 11:04:07.093,2494.6803088880365
2025-05-25 12:03:38.739,2496.0710620663804
2025-05-25 13:02:33.677,2515.3534254513415
2025-05-25 14:08:22.241,2517.3890088675016
2025-05-25 15:04:03.839,2507.8539041448967
2025-05-25 16:06:49.063,2507.5566216967873
2025-05-25 17:03:39.853,2510.766714821495
2025-05-25 18:03:58.874,2513.848827201041
2025-05-25 19:01:40.208,2518.1814589626756
2025-05-25 20:08:07.602,2524.116786619008
2025-05-25 21:04:11.232,2523.5345177414065
2025-05-25 22:07:24.940,2517.2358604684755
2025-05-25 23:03:44.480,2546.9586899785268
2025-05-26 00:04:06.761,2548.14797380859
2025-05-26 01:03:41.513,2557.5149150799834
2025-05-26 02:03:16.797,2562.606418027364
2025-05-26 03:03:15.997,2552.9359744527137
2025-05-26 04:01:45.653,2562.165868766786
2025-05-26 05:03:46.612,2566.4596778689665
2025-05-26 06:03:34.321,2570.266977358125
2025-05-26 07:01:47.972,2575.566925435442
2025-05-26 08:03:14.289,2581.4803699125796
2025-05-26 09:03:53.148,2570.616743191609
2025-05-26 10:03:55.608,2565.3400176659816
2025-05-26 11:03:51.819,2566.0756172474566
2025-05-26 12:02:26.136,2566.45214584755
2025-05-26 13:03:33.783,2567.5875560565937
2025-05-26 14:04:12.281,2559.883288214986
2025-05-26 15:01:51.693,2548.5528874234496
2025-05-26 16:03:55.518,2562.3129909564313
2025-05-26 17:03:44.012,2545.7381552420306
2025-05-26 18:03:54.065,2535.183470445663
2025-05-26 19:03:19.026,2540.365427708549
2025-05-26 20:00:11.072,2540.8996984854684
2025-05-26 21:03:46.113,2558.8937649777968
2025-05-26 22:03:46.075,2562.3538383493055
2025-05-26 23:03:53.668,2561.485552491816
2025-05-27 00:02:39.798,2562.4409846186127
2025-05-27 01:04:13.783,2554.156454060156
2025-05-27 02:04:05.801,2528.7360322826144
2025-05-27 03:08:30.951,2539.6223752506276
2025-05-27 04:03:30.146,2552.023796803851
2025-05-27 05:03:25.986,2560.993907255344
2025-05-27 06:03:22.636,2564.2390062716267
2025-05-27 07:02:09.959,2582.835344448523
2025-05-27 08:03:13.479,2603.3893533267487
2025-05-27 09:03:53.344,2634.9408791430374
2025-05-27 10:09:53.553,2635.3448156594523
2025-05-27 11:03:49.365,2637.8057341485755
2025-05-27 12:02:30.574,2646.1343501159713
2025-05-27 13:06:04.615,2643.6922773606943
2025-05-27 14:03:51.273,2658.5086247299027
2025-05-27 15:02:41.751,2659.662817835413
2025-05-27 16:04:05.381,2667.085636580769
2025-05-27 17:03:29.232,2673.38367321811
2025-05-27 18:07:28.413,2695.96645777102
2025-05-27 19:03:48.686,2682.8025579189107
2025-05-27 20:03:46.325,2685.8793751283793
2025-05-27 21:03:38.105,2675.989223887529
2025-05-27 22:03:30.619,2664.286080758775
2025-05-27 23:03:52.796,2664.0850217490665
2025-05-28 00:03:41.710,2662.0940568241435
2025-05-28 01:03:59.167,2653.0211123860395
2025-05-28 02:03:33.474,2641.532800307507
2025-05-28 03:02:49.093,2636.34389957963
2025-05-28 04:03:27.361,2646.2240872518614
2025-05-28 05:19:15.724,2642.5976328495003
2025-05-28 07:12:49.635,2631.7602613448184
2025-05-28 07:16:37.326,2632.07810175782
2025-05-28 08:24:49.551,2636.635826398744
2025-05-28 10:47:41.896,2633.9697523697832
2025-05-28 11:24:48.927,2643.669056977985
2025-05-28 11:44:12.898,2647.3465682788283
2025-05-28 12:03:14.720,2654.1857207234975
2025-05-28 13:03:27.530,2668.262824678078
2025-05-28 14:11:20.238,2666.058018900531
2025-05-28 15:03:14.629,2639.950854973909
2025-05-28 16:03:42.833,2633.09360711934
2025-05-28 17:03:19.686,2638.4626955790404
2025-05-28 18:03:40.095,2651.064131563755
2025-05-28 19:03:52.085,2645.775078675466
2025-05-28 20:01:33.320,2626.869392991634
2025-05-28 21:05:31.339,2631.7763480760946
2025-05-28 22:03:44.047,2648.7382689311034
2025-05-28 23:03:21.634,2647.387721367338
2025-05-29 00:03:45.759,2679.875687205419
2025-05-29 01:03:15.053,2709.0759611628964
2025-05-29 02:04:00.794,2714.0873751543236
2025-05-29 03:03:26.613,2771.2377710157893
2025-05-29 04:03:26.750,2757.659567043874
2025-05-29 05:03:49.053,2729.308840823524
2025-05-29 06:02:55.589,2729.473491891767
2025-05-29 07:03:23.789,2727.6809606832726
2025-05-29 08:08:12.241,2730.2737341379284
2025-05-29 09:03:24.058,2724.6765259099425
2025-05-29 10:03:33.474,2731.5730554982315
2025-05-29 11:03:42.695,2730.6897067887744
2025-05-29 12:03:41.460,2718.587664538869
2025-05-29 13:03:34.920,2700.5710132548193
2025-05-29 14:03:23.767,2668.7265439728917
2025-05-29 15:01:50.818,2655.4174084464457
2025-05-29 16:03:27.007,2650.7954343086717
2025-05-29 17:02:23.067,2642.579583935659
2025-05-29 18:03:55.611,2658.8220958084007
2025-05-29 19:00:40.180,2652.9536958461986
2025-05-29 20:03:25.470,2648.8870156492494
2025-05-29 21:02:42.890,2648.5899291630676
2025-05-29 22:03:43.774,2654.1867910877995
2025-05-29 23:03:42.267,2654.398230276697
2025-05-30 00:03:47.604,2631.9083003349624
2025-05-30 01:03:30.389,2626.0462769253086
2025-05-30 02:03:37.628,2601.9491613047476
2025-05-30 03:03:32.950,2625.418289880567
2025-05-30 04:01:23.784,2635.8525651778423
2025-05-30 05:03:30.772,2632.011350848124
2025-05-30 06:03:41.490,2641.1995100845966
2025-05-30 07:03:29.638,2621.5771444551706
2025-05-30 08:03:27.103,2626.5974536925796
2025-05-30 09:03:39.878,2620.8592810126624
2025-05-30 10:03:36.015,2609.5527579234745
2025-05-30 11:03:37.883,2619.680320176058
2025-05-30 12:01:36.970,2621.3513409942684
2025-05-30 13:03:29.705,2613.7195603761056
2025-05-30 14:03:38.452,2591.5000641107135
2025-05-30 15:02:24.446,2595.2061363265575
2025-05-30 16:01:36.845,2605.8385766571973
2025-05-30 17:03:44.306,2548.087654090474
2025-05-30 18:00:57.724,2549.3254441795957
2025-05-30 19:03:31.886,2574.5133954385115
2025-05-30 20:03:39.519,2576.8537308530263
2025-05-30 21:03:28.916,2578.8081746043845
2025-05-30 22:01:33.589,2573.9672839595005
2025-05-30 23:03:34.009,2538.708338538409
2025-05-31 00:03:27.963,2527.700316388642
2025-05-31 01:03:46.321,2528.1612982777274
2025-05-31 02:02:50.788,2498.424256778222
2025-05-31 03:03:26.547,2497.457240920738
2025-05-31 04:04:01.552,2512.0769774095475
2025-05-31 05:03:48.908,2522.210172932137
2025-05-31 06:03:27.487,2518.1753180874907
2025-05-31 07:04:02.536,2523.00108561267
2025-05-31 08:03:34.951,2522.4082533065434
2025-05-31 09:01:20.053,2524.603015938383
2025-05-31 10:03:54.360,2522.2968888517207
2025-05-31 11:08:19.958,2521.0441693609946
2025-05-31 12:04:08.166,2518.878597610243
2025-05-31 13:04:00.090,2532.906448881631
2025-05-31 14:05:51.974,2532.358714950951
2025-05-31 15:08:29.991,2541.7008622400717
2025-05-31 16:01:23.293,2539.5264430966613
2025-05-31 17:04:02.680,2540.1043121377597
2025-05-31 18:03:43.483,2532.241001287781
2025-05-31 19:03:46.987,2539.964864991243
2025-05-31 20:00:57.916,2540.0182341236173
2025-05-31 21:01:15.971,2541.6883754011315
2025-05-31 22:01:54.605,2544.2218342112633
2025-05-31 23:03:50.708,2537.09543363727
2025-06-01 00:04:02.270,2531.533172761844
2025-06-01 01:03:41.262,2523.280847010589
2025-06-01 02:04:06.413,2514.4888843576437
2025-06-01 03:01:14.304,2510.7888522065864
2025-06-01 04:03:46.406,2512.485608787745
2025-06-01 05:06:52.304,2522.5562912390765
2025-06-01 06:03:36.232,2520.9346379292515
2025-06-01 07:03:32.180,2515.591101762707
2025-06-01 08:03:47.324,2510.839112198872
2025-06-01 09:02:03.051,2507.3300767463934
2025-06-01 10:03:45.055,2489.902755317034
2025-06-01 11:03:42.126,2492.521381726797
2025-06-01 12:03:57.590,2500.7446392822885
2025-06-01 13:03:12.915,2484.639705530568
2025-06-01 14:08:18.919,2496.390627944086
2025-06-01 15:03:55.766,2510.400871658421
2025-06-01 16:03:51.490,2523.2276955702073
2025-06-01 17:03:49.904,2541.787207192206
2025-06-01 18:03:34.753,2542.110593839726
2025-06-01 19:03:58.296,2515.7493564821807
2025-06-01 20:03:52.103,2523.5874035025267
2025-06-01 21:03:40.227,2531.295981464176
2025-06-01 22:01:57.684,2537.052095847234
2025-06-01 23:00:05.370,2538.2395701089686
2025-06-02 00:03:45.316,2538.2846946910217
2025-06-02 01:03:47.674,2533.901234968759
2025-06-02 02:03:47.352,2529.0033806833694
2025-06-02 03:03:31.751,2515.33298314487
2025-06-02 04:02:28.511,2498.8387110264803
2025-06-02 05:03:06.822,2495.5357651529257
2025-06-02 06:01:49.743,2492.037365361293
2025-06-02 07:03:40.264,2496.3561665637217
2025-06-02 08:03:52.951,2507.112294812616
2025-06-02 09:03:41.870,2497.677626009121
2025-06-02 10:03:41.966,2482.8971024299476
2025-06-02 11:03:25.670,2483.965451720333
2025-06-02 12:03:52.465,2483.0166568217314
2025-06-02 13:03:50.265,2493.9194324347923
2025-06-02 14:02:50.532,2505.2877059908474
2025-06-02 15:04:05.341,2525.887098853575
2025-06-02 16:03:42.794,2543.0766634104602
2025-06-02 17:03:44.796,2542.9544184113
2025-06-02 18:03:42.445,2547.84465833318
2025-06-02 19:03:25.829,2546.4164912834217
2025-06-02 20:04:09.394,2533.362370825235
2025-06-02 21:04:02.712,2541.0100956983797
2025-06-02 22:03:54.637,2555.3052196211074
2025-06-02 23:03:58.214,2581.0574546255903
2025-06-03 00:03:46.751,2610.8639611906437
2025-06-03 01:02:58.625,2622.0305342947163
2025-06-03 02:03:12.024,2644.188726818387
2025-06-03 03:03:43.068,2623.515114167879
2025-06-03 04:03:28.786,2603.7914161097938
2025-06-03 05:03:33.044,2596.0489731564157
2025-06-03 06:03:16.929,2610.233780056554
2025-06-03 07:03:59.916,2614.3743279600008
2025-06-03 08:02:25.601,2612.511226358488
2025-06-03 09:03:25.240,2606.3677938160768
2025-06-03 10:03:21.030,2613.9844526724687
2025-06-03 11:06:27.140,2614.0058905399915
2025-06-03 12:01:01.244,2606.7364007615165
2025-06-03 13:03:24.185,2610.7480473416986
2025-06-03 14:08:21.800,2626.344288586956
2025-06-03 15:01:30.897,2636.852963122219
2025-06-03 16:03:49.963,2630.2745891238333
2025-06-03 17:04:46.077,2613.909344160897
2025-06-03 18:03:30.485,2620.721920451941
2025-06-03 19:08:25.129,2620.0988057481427
2025-06-03 20:03:26.370,2622.365926823526
2025-06-03 21:04:00.250,2614.739794980211
2025-06-03 22:03:53.639,2601.890181757016
2025-06-03 23:01:22.409,2607.8954256506913
2025-06-04 00:03:52.911,2594.777557170298
2025-06-04 01:01:45.170,2594.2900703412733
2025-06-04 02:01:04.128,2613.65653284407
2025-06-04 03:04:22.711,2614.369894971976
2025-06-04 04:02:01.946,2630.7009472860386
2025-06-04 05:03:22.352,2631.3507005725774
2025-06-04 06:03:23.740,2627.028702915949
2025-06-04 07:03:46.308,2630.361790642032
2025-06-04 08:08:45.313,2628.6222576794653
2025-06-04 09:01:58.888,2641.2528976649405
2025-06-04 10:03:13.925,2641.471325772592
2025-06-04 11:03:22.525,2638.7131134609695
2025-06-04 12:03:24.783,2629.7082474789454
2025-06-04 13:03:39.428,2623.1593709827466
2025-06-04 14:03:43.192,2619.4711113865715
2025-06-04 15:03:30.445,2622.0525835634844
2025-06-04 16:04:08.168,2666.5168838496515
2025-06-04 17:03:44.680,2657.8086963868973
2025-06-04 18:01:41.147,2637.2289894688206
2025-06-04 19:03:46.724,2637.2067891794086
2025-06-04 20:03:18.906,2629.2062534650954
2025-06-04 21:02:37.272,2608.677878213106
2025-06-04 22:02:00.174,2618.2829600827436
2025-06-04 23:03:49.883,2608.9283641514044
2025-06-05 00:04:06.207,2609.9504866476827
2025-06-05 01:03:45.605,2611.2774367662983
2025-06-05 02:03:49.975,2608.3085114323167
2025-06-05 03:03:49.150,2621.0854977968274
2025-06-05 04:14:28.632,2627.5068537762418
2025-06-05 05:01:03.644,2631.86616540575
2025-06-05 06:03:31.035,2615.9100575551247
2025-06-05 07:03:57.764,2608.380221145156
2025-06-05 08:03:32.929,2606.446751189523
2025-06-05 09:03:56.573,2606.515007602515
2025-06-05 10:03:25.746,2608.734237947109
2025-06-05 11:01:44.239,2594.391050743087
2025-06-05 12:03:37.511,2607.893155136817
2025-06-05 13:00:35.700,2631.427721206957
2025-06-05 14:03:46.993,2605.9777639213826
2025-06-05 15:03:48.716,2589.8557924775864
2025-06-05 16:03:52.262,2594.7226087783756
2025-06-05 17:03:28.494,2563.027316380255
2025-06-05 18:03:52.835,2569.3889463785795
2025-06-05 19:03:40.876,2578.316265596353
2025-06-05 20:03:55.319,2541.922811587423
2025-06-05 21:03:44.583,2427.8002121189434
2025-06-05 22:03:35.158,2433.256835969574
2025-06-05 23:03:53.918,2429.281797249793
2025-06-06 00:03:38.826,2419.508274317192
2025-06-06 01:03:26.341,2423.933405018659
2025-06-06 02:03:27.744,2423.0218509307797
2025-06-06 03:03:29.209,2421.4530977689665
2025-06-06 04:03:51.630,2450.6642503324733
2025-06-06 05:03:29.206,2456.8589706372377
2025-06-06 06:03:37.581,2458.4599573015485
2025-06-06 07:03:32.004,2461.0372360093475
2025-06-06 08:01:51.331,2455.9820775705307
2025-06-06 09:03:40.118,2462.4780106792773
2025-06-06 10:03:38.871,2471.692641944464
2025-06-06 11:03:45.327,2482.7165048973116
2025-06-06 12:03:49.207,2479.0419447421114
2025-06-06 13:03:49.225,2478.1762718366904
2025-06-06 14:03:46.162,2504.0412617694583
2025-06-06 15:03:44.480,2518.0929327099175
2025-06-06 16:04:03.932,2508.6295415872405
2025-06-06 17:04:01.221,2502.954198815606
2025-06-06 18:03:47.643,2493.708410345756
2025-06-06 19:03:45.177,2495.376965675591
2025-06-06 20:03:44.902,2490.3389418247
2025-06-06 21:03:30.727,2500.291273023501
2025-06-06 22:03:44.063,2495.941043394054
2025-06-06 23:03:43.653,2484.6794271959197
2025-06-07 00:03:41.857,2481.4039836690267
2025-06-07 01:03:46.938,2476.4049434784665
2025-06-07 02:03:32.643,2472.529254456486
2025-06-07 03:03:33.452,2477.011238246546
2025-06-07 04:03:38.148,2491.399951646452
2025-06-07 05:03:38.571,2489.356678911496
2025-06-07 06:03:51.854,2493.7415923859708
2025-06-07 07:03:32.759,2494.0332246857756
2025-06-07 08:00:53.229,2492.6360351155727
2025-06-07 09:03:51.053,2486.7492654403814
2025-06-07 10:03:35.732,2487.343097299463
2025-06-07 11:03:51.168,2494.307272188452
2025-06-07 12:03:42.230,2497.987053778566
2025-06-07 13:03:45.949,2500.5821190403594
2025-06-07 14:03:55.039,2510.580571105587
2025-06-07 15:03:38.419,2516.5332902324894
2025-06-07 16:01:39.622,2519.401938752985
2025-06-07 17:04:00.514,2514.3262603086573
2025-06-07 18:02:33.710,2511.6506214177834
2025-06-07 19:03:39.664,2516.1282562928563
2025-06-07 20:02:50.834,2519.6674075824176
2025-06-07 21:03:50.350,2522.511827263043
2025-06-07 22:03:39.297,2522.6927223073067
2025-06-07 23:03:38.406,2540.388289113767
2025-06-08 00:03:39.364,2525.8150122010156
2025-06-08 01:03:42.405,2520.472086265792
2025-06-08 02:03:44.566,2518.8477355110717
2025-06-08 03:03:35.496,2514.854933336694
2025-06-08 04:03:50.732,2512.9748353864475
2025-06-08 05:03:43.945,2517.1967463190454
2025-06-08 06:03:51.854,2512.0605081493472
2025-06-08 07:00:53.719,2515.0915287610296
2025-06-08 08:03:37.101,2514.456673096517
2025-06-08 09:03:55.180,2518.2045993458305
2025-06-08 10:03:40.604,2501.0754231422834
2025-06-08 11:03:47.857,2501.7270769833863
2025-06-08 12:03:50.468,2514.4490106157677
2025-06-08 13:03:30.023,2507.981474396412
2025-06-08 14:02:43.055,2515.2576429628743
2025-06-08 15:03:49.594,2512.2941328683173
2025-06-08 16:03:31.193,2515.62467657633
2025-06-08 17:04:06.988,2527.239600708527
2025-06-08 18:03:47.653,2527.657228340334
2025-06-08 19:03:37.094,2531.221761550736
2025-06-08 20:03:57.983,2534.044123322971
2025-06-08 21:03:47.786,2533.5793593055537
2025-06-08 22:03:57.531,2537.395870467981
2025-06-08 23:03:42.748,2510.88756893113
2025-06-09 00:03:52.500,2509.012947498987
2025-06-09 01:01:10.988,2504.7632120288877
2025-06-09 02:03:21.830,2498.8883389571006
2025-06-09 03:03:29.330,2496.3275081648762
2025-06-09 04:03:50.140,2493.0240581285298
2025-06-09 05:03:35.274,2488.561696119454
2025-06-09 06:04:15.147,2483.971415769446
2025-06-09 07:03:29.145,2492.2639542194156
2025-06-09 08:03:35.176,2490.212631440342
2025-06-09 09:03:35.277,2493.548871437954
2025-06-09 10:03:13.242,2511.2719451596527
2025-06-09 11:02:54.914,2535.8786526260633
2025-06-09 12:03:15.789,2541.4160336538102
2025-06-09 13:03:06.472,2544.9479953331543
2025-06-09 14:02:38.917,2520.969558711719
2025-06-09 15:02:18.270,2530.745764894827
2025-06-09 16:02:52.737,2537.6736906840156
2025-06-09 17:03:17.658,2562.5965638949338
2025-06-09 18:01:17.752,2573.152692151345
2025-06-09 19:03:26.028,2582.135326857097
2025-06-09 20:00:41.104,2581.4749511101427
2025-06-09 21:03:05.140,2589.6962600160077
2025-06-09 22:03:15.208,2644.3839644972827
2025-06-09 23:03:03.188,2663.1489841610355
2025-06-10 00:00:36.194,2682.354038332218
2025-06-10 01:03:11.845,2699.7545862922343
2025-06-10 02:03:13.849,2705.7994098074646
2025-06-10 03:03:31.066,2695.58136276085
2025-06-10 04:03:24.357,2689.14885817371
2025-06-10 05:03:15.857,2690.1307274764886
2025-06-10 06:03:26.043,2669.951937389213
2025-06-10 07:03:22.912,2676.4305414400696
2025-06-10 08:03:20.961,2675.49157027524
2025-06-10 09:03:28.777,2679.156368382966
2025-06-10 10:03:30.205,2691.4621609810415
2025-06-10 11:02:25.711,2692.667938774116
2025-06-10 12:03:39.411,2774.656263991226
2025-06-10 13:02:07.675,2765.7138122436
2025-06-10 14:03:40.660,2741.2391936303043
2025-06-10 15:03:39.743,2736.395846068346
2025-06-10 16:03:33.204,2732.8346935910495
2025-06-10 17:03:47.654,2735.3735548324166
2025-06-10 18:03:11.185,2741.3402561677135
2025-06-10 19:03:31.247,2756.0346168656897
2025-06-10 20:03:10.639,2767.2182897921753
2025-06-10 21:02:05.654,2769.7713621332296
2025-06-10 22:03:39.187,2772.6669832728558
2025-06-10 23:03:28.096,2804.784285738751
2025-06-11 00:03:50.590,2808.503208314919
2025-06-11 01:03:43.558,2800.343672522726
2025-06-11 02:03:29.917,2783.023320252263
2025-06-11 03:03:25.716,2778.874165737475
2025-06-11 04:03:09.972,2793.0163894271377
2025-06-11 05:03:08.439,2797.205455200883
2025-06-11 06:03:06.279,2794.9034002465964
2025-06-11 07:03:15.896,2790.3101271508835
2025-06-11 08:02:53.430,2795.6208794233253
2025-06-11 09:01:49.074,2770.5062332357697
2025-06-11 10:01:48.649,2759.436044535815
2025-06-11 11:02:59.692,2770.5149721639323
2025-06-11 12:03:44.391,2770.7522121354677
2025-06-11 13:01:26.029,2801.866690622366
2025-06-11 14:00:21.034,2798.0313448145394
2025-06-11 15:03:46.765,2838.182614495026
2025-06-11 16:03:28.881,2869.470679689285
2025-06-11 17:03:32.836,2867.4972338555626
2025-06-11 18:03:36.689,2841.2899168006516
2025-06-11 19:03:40.767,2829.0491137087124
2025-06-11 20:03:36.672,2811.737205183962
2025-06-11 21:03:43.739,2818.5965554538625
2025-06-11 22:02:29.855,2792.410674286573
2025-06-11 23:03:40.290,2760.7066744310096
2025-06-12 00:03:38.173,2774.902334202254
2025-06-12 01:03:20.132,2774.7952777336072
2025-06-12 02:03:48.472,2773.263949140839
2025-06-12 03:03:19.029,2765.404541197136
2025-06-12 04:03:53.401,2767.1980579350675
2025-06-12 05:03:49.107,2760.514490167832
2025-06-12 06:03:32.263,2764.490708119345
2025-06-12 07:03:58.240,2769.9564628607714
2025-06-12 08:03:37.100,2744.11899951306
2025-06-12 09:03:58.277,2757.93791927267
2025-06-12 10:03:49.623,2753.4036348889695
2025-06-12 11:02:41.446,2744.5432304192545
2025-06-12 12:03:44.413,2731.6225286319877
2025-06-12 13:00:26.753,2738.639651273869
2025-06-12 14:04:16.958,2748.9450788368636
2025-06-12 15:03:43.400,2765.712833875114
2025-06-12 16:04:14.040,2720.3950891110853
2025-06-12 17:03:38.724,2741.0182476770274
2025-06-12 18:03:41.012,2763.928743120248
2025-06-12 19:03:47.234,2734.6847227888966
2025-06-12 20:08:09.806,2697.3490029944433
2025-06-12 21:01:19.649,2638.575921439931
2025-06-12 22:03:39.400,2644.000948261331
2025-06-12 23:01:40.033,2640.172953841632
2025-06-13 00:03:28.429,2650.1019438066674
2025-06-13 01:03:44.091,2524.5846821748432
2025-06-13 02:03:51.037,2498.615223192584
2025-06-13 03:03:37.822,2473.1817145546624
2025-06-13 04:03:51.346,2515.9657972605673
2025-06-13 05:03:43.800,2509.739597104176
2025-06-13 06:03:43.826,2514.4335469471753
2025-06-13 07:03:18.344,2525.250839172047
2025-06-13 08:03:05.289,2529.010090283722
2025-06-13 09:03:12.034,2520.218966056777
2025-06-13 10:03:51.652,2517.6485887981735
2025-06-13 11:01:02.630,2530.4756775965893
2025-06-13 12:03:31.227,2539.759734365352
2025-06-13 13:01:09.857,2545.181677157444
2025-06-13 14:03:26.591,2549.8169489242473
2025-06-13 15:03:37.483,2535.3063041664727
2025-06-13 16:03:48.981,2552.7964312589274
2025-06-13 17:03:48.992,2560.1381607983267
2025-06-13 18:03:34.554,2540.558296776319
2025-06-13 19:03:48.698,2528.928690991614
2025-06-13 20:00:17.236,2529.6916963973804
2025-06-13 21:03:36.503,2547.6459354212584
2025-06-13 22:01:25.019,2554.5759370955357
2025-06-13 23:03:34.137,2573.603300652316
2025-06-14 00:03:33.390,2578.1893703419114
2025-06-14 01:03:43.899,2566.741422060134
2025-06-14 02:03:44.034,2558.937340935298
2025-06-14 03:03:39.488,2555.4929992564676
2025-06-14 04:00:09.028,2551.912964076794
2025-06-14 05:03:25.056,2553.405240289543
2025-06-14 06:03:32.989,2553.336989677765
2025-06-14 07:03:45.821,2545.3783397412594
2025-06-14 08:03:32.134,2538.8821922940033
2025-06-14 09:03:31.507,2536.1385672252995
2025-06-14 10:03:34.647,2524.873710226412
2025-06-14 11:03:36.405,2532.932300879581
2025-06-14 12:03:27.180,2536.923434717061
2025-06-14 13:01:08.555,2535.084501519578
2025-06-14 14:03:30.167,2534.3445126300385
2025-06-14 15:03:40.337,2529.5681607665565
2025-06-14 16:03:38.489,2517.868776835696
2025-06-14 17:03:47.070,2498.5295677516056
2025-06-14 18:03:31.551,2511.6101174161895
2025-06-14 19:03:58.918,2503.357692214318
2025-06-14 20:03:36.272,2511.036063971424
2025-06-14 21:03:37.714,2509.4651944419306
2025-06-14 22:01:00.094,2527.8296781352165
2025-06-14 23:03:32.944,2526.6873327737826
2025-06-15 00:03:31.633,2533.1594418173227
2025-06-15 01:03:33.666,2538.6395895953765
2025-06-15 02:03:23.440,2530.588300779007
2025-06-15 03:03:21.584,2530.573097493261
2025-06-15 04:03:29.268,2532.1627350409244
2025-06-15 05:03:09.119,2540.794928448085
2025-06-15 06:03:18.421,2549.8768253504377
2025-06-15 07:03:23.553,2536.6692518223254
2025-06-15 08:03:37.069,2530.5103018959408
2025-06-15 09:03:14.134,2521.2791704831784
2025-06-15 10:03:08.933,2511.2828211879164
2025-06-15 11:03:39.684,2520.037067091127
2025-06-15 12:03:26.165,2517.028486200815
2025-06-15 13:00:52.545,2523.7896659885337
2025-06-15 14:03:27.266,2542.343136243922
2025-06-15 15:03:33.680,2549.443141270804
2025-06-15 16:03:50.075,2542.8260357414597
2025-06-15 17:03:40.693,2551.064499909815
2025-06-15 18:03:51.208,2553.7985563164634
2025-06-15 19:03:40.596,2548.6350700839266
2025-06-15 20:00:05.808,2535.109210430576
2025-06-15 21:03:35.369,2501.0679801007755
2025-06-15 22:03:38.252,2515.92283869608
2025-06-15 23:03:32.604,2544.3178333596215
2025-06-16 00:03:36.149,2547.1986772890696
2025-06-16 01:03:09.553,2542.4962771223527
2025-06-16 02:03:41.552,2553.330398281733
2025-06-16 03:03:40.966,2574.9980188555314
2025-06-16 04:03:31.875,2569.1343725862084
2025-06-16 05:03:33.814,2574.9759476701433
2025-06-16 06:03:34.210,2607.3972278949323
2025-06-16 07:03:36.616,2613.7487593917067
2025-06-16 08:03:20.299,2627.3564038666395
2025-06-16 09:02:32.989,2628.308912104904
2025-06-16 10:03:30.137,2621.312378106824
2025-06-16 11:03:36.512,2615.6313046398795
2025-06-16 12:03:13.032,2616.0007931223026
2025-06-16 13:03:54.183,2616.261751128155
2025-06-16 14:03:10.001,2635.041082747548
2025-06-16 15:01:51.870,2643.637607213425
2025-06-16 16:03:22.151,2637.797237326361
2025-06-16 17:00:56.703,2638.861197298402
2025-06-16 18:03:47.832,2634.269783658439
2025-06-16 19:03:41.371,2643.0635122706003
2025-06-16 20:03:28.322,2655.924475714816
2025-06-16 21:02:25.990,2671.943426433189
2025-06-16 22:03:32.741,2649.467705816559
2025-06-16 23:03:35.871,2571.2854928492116
2025-06-17 00:03:43.846,2548.097552847306
2025-06-17 01:03:18.741,2579.1260929032364
2025-06-17 02:03:10.075,2583.4621732143314
2025-06-17 03:03:26.449,2581.225259456621
2025-06-17 04:03:12.868,2606.6894245707613
2025-06-17 05:03:25.465,2593.616761895832
2025-06-17 06:03:27.845,2580.419205739299
2025-06-17 07:03:37.273,2582.3322489081024
2025-06-17 08:03:03.363,2583.4504048521017
2025-06-17 09:03:40.834,2571.577866946528
2025-06-17 10:13:33.545,2565.3579783241166
2025-06-17 11:03:37.202,2555.236801315375
2025-06-17 12:03:40.907,2549.517293529367
2025-06-17 13:01:04.810,2549.8149803251927
2025-06-17 14:03:36.079,2554.76112617966
2025-06-17 15:03:46.673,2542.22611614941
2025-06-17 16:03:33.570,2497.536439433238
2025-06-17 17:03:47.535,2464.1462540284333
2025-06-17 18:03:43.835,2469.4150671854877
2025-06-17 19:03:28.531,2491.1402729344254
2025-06-17 20:03:36.134,2534.102059156563
2025-06-17 21:03:39.224,2511.5094531383893
2025-06-17 22:03:41.129,2519.1728485809163
2025-06-17 23:03:32.291,2502.74267900121
2025-06-18 00:03:39.292,2512.628915043993
2025-06-18 01:03:37.083,2523.22365297419
2025-06-18 02:02:25.148,2519.8351507088782
2025-06-18 03:03:34.604,2519.686792895339
2025-06-18 04:02:47.778,2527.708583532946
2025-06-18 05:03:26.471,2537.5478005372506
2025-06-18 06:03:18.760,2538.147497112401
2025-06-18 07:03:22.183,2525.3941308935982
2025-06-18 08:01:34.315,2532.0365900356082
2025-06-18 09:03:19.336,2534.0974471322147
2025-06-18 10:01:09.895,2525.5790316919356
2025-06-18 11:03:29.206,2498.56400443081
2025-06-18 12:03:26.952,2512.5083737884324
2025-06-18 13:03:41.871,2494.1677555393794
2025-06-18 14:03:28.663,2497.1685480188085
2025-06-18 15:03:23.578,2504.739201495114
2025-06-18 16:03:21.357,2513.774222290817
2025-06-18 17:03:30.581,2500.7421808214835
2025-06-18 18:03:29.642,2498.0708925110525
2025-06-18 19:03:28.150,2479.00437349513
2025-06-18 20:03:40.029,2497.222234120342
2025-06-18 21:03:34.331,2530.0123614081795
2025-06-18 22:02:48.205,2530.406496576096
2025-06-18 23:03:21.414,2526.7690101461976
2025-06-19 00:03:35.980,2523.1785975058187
2025-06-19 01:03:33.544,2531.7586763384347
2025-06-19 02:02:10.707,2514.868551973041
2025-06-19 03:01:03.820,2520.03524110906
2025-06-19 04:03:23.658,2524.286868594043
2025-06-19 05:03:18.292,2523.2190320417135
2025-06-19 06:03:33.998,2523.1278225878086
2025-06-19 07:03:24.746,2518.9825858620775
2025-06-19 08:03:19.575,2520.260761658219
2025-06-19 09:03:50.932,2525.4861729787167
2025-06-19 10:00:49.376,2539.1508499204792
2025-06-19 11:03:37.806,2539.3035075627117
2025-06-19 12:03:34.765,2530.9578294551093
2025-06-19 13:03:54.739,2524.9407507937417
2025-06-19 14:03:29.784,2509.743187952874
2025-06-19 15:04:11.991,2502.0058997615934
2025-06-19 16:03:27.269,2494.5367658895425
2025-06-19 17:03:20.330,2488.632454953597
2025-06-19 18:00:15.147,2512.844808349138
2025-06-19 19:03:22.180,2503.115288511572
2025-06-19 20:03:36.113,2505.5476466080922
2025-06-19 21:03:35.054,2507.21694454033
2025-06-19 22:03:36.802,2510.5837262838327
2025-06-19 23:03:38.953,2526.371891286643
2025-06-20 00:03:34.716,2521.7539921461434
2025-06-20 01:03:46.168,2526.6876992587404
2025-06-20 02:03:32.260,2527.337304803845
2025-06-20 03:03:29.326,2517.8835667146227
2025-06-20 04:03:21.687,2517.7421217475257
2025-06-20 05:02:31.665,2505.545424682407
2025-06-20 06:03:15.275,2515.7008349875596
2025-06-20 07:03:06.103,2520.905353689201
2025-06-20 08:03:18.914,2547.8236813858134
2025-06-20 09:02:00.636,2552.3184510589717
2025-06-20 10:03:09.246,2554.0443705191096
2025-06-20 11:03:04.014,2553.4106281717536
2025-06-20 12:02:56.935,2550.264778550968
2025-06-20 13:03:07.275,2552.4500051079517
2025-06-20 14:02:18.355,2537.403751961801
2025-06-20 15:03:23.648,2502.687864514172
2025-06-20 16:00:53.611,2494.118936647594
2025-06-20 17:03:21.495,2483.783439154546
2025-06-20 18:03:34.502,2410.7940597047036
2025-06-20 19:03:28.210,2422.9251258931977
2025-06-20 20:03:39.709,2413.8581122440396
2025-06-20 21:03:34.802,2428.279595214833
2025-06-20 22:01:01.885,2418.701149536626
2025-06-20 23:01:26.840,2391.2770451833007
2025-06-21 00:02:27.823,2406.194491283201
2025-06-21 01:03:26.438,2411.5353806764074
2025-06-21 02:03:02.343,2428.2752676894092
2025-06-21 03:00:16.187,2422.323839632534
2025-06-21 04:03:16.453,2427.4246622134733
2025-06-21 05:03:32.990,2422.295167075127
2025-06-21 06:03:38.095,2423.9734846444794
2025-06-21 07:02:42.908,2426.459560307864
2025-06-21 08:00:45.100,2426.746252990401
2025-06-21 09:03:26.515,2435.058471110008
2025-06-21 10:02:58.448,2444.511492167893
2025-06-21 11:00:35.184,2438.2794481289498
2025-06-21 12:03:10.102,2442.3117652109827
2025-06-21 13:03:34.365,2436.821785269819
2025-06-21 14:03:26.990,2421.1861083984804
2025-06-21 15:03:36.559,2421.684588935936
2025-06-21 16:03:04.780,2419.062950221044
2025-06-21 17:02:17.234,2418.7702591631155
2025-06-21 18:03:44.483,2401.0753822387983
2025-06-21 19:03:22.647,2392.494383590287
2025-06-21 20:03:32.328,2389.319264309158
2025-06-21 21:03:34.429,2404.841640980361
2025-06-21 22:03:25.293,2288.3066301725576
2025-06-21 23:03:38.296,2288.320884564172
2025-06-22 00:03:23.387,2294.00752163455
2025-06-22 01:03:22.639,2297.8911061749895
2025-06-22 02:03:31.546,2272.6055657240518
2025-06-22 03:03:32.998,2266.488002575021
2025-06-22 04:03:22.902,2262.2646148893577
2025-06-22 05:03:30.250,2283.2030080461896
2025-06-22 06:03:23.862,2285.332142226535
2025-06-22 07:03:31.553,2286.843803428415
2025-06-22 08:03:09.615,2271.1636441772207
2025-06-22 09:00:26.054,2270.988624632449
2025-06-22 10:03:34.373,2246.1593833893644
2025-06-22 11:03:24.597,2260.6753323900684
2025-06-22 12:03:11.268,2273.459716513851
2025-06-22 13:03:31.881,2278.8710200414816
2025-06-22 14:03:37.899,2200.50476506496
2025-06-22 15:03:34.885,2201.6441399118435
2025-06-22 16:03:15.813,2177.4663339297676
2025-06-22 17:03:44.442,2193.5854628319457
2025-06-22 18:03:39.996,2194.8206182585413
2025-06-22 19:03:29.541,2185.921775184526
2025-06-22 20:02:16.796,2183.25574876624
2025-06-22 21:03:26.425,2188.3717047146297
2025-06-22 22:03:45.207,2182.003036802055
2025-06-22 23:03:45.205,2229.7706524865744
2025-06-23 00:03:24.019,2227.1865038360775
2025-06-23 01:03:33.352,2243.26465955486
2025-06-23 02:03:36.862,2246.8193059375576
2025-06-23 03:03:39.483,2239.096190642223
2025-06-23 04:01:21.472,2234.7920719490344
2025-06-23 05:03:33.503,2234.3069546010797
2025-06-23 06:03:46.695,2246.331204153841
2025-06-23 07:03:34.817,2240.030270827255
2025-06-23 08:03:08.404,2257.4866970886933
2025-06-23 09:03:41.946,2261.1875295537484
2025-06-23 10:03:23.932,2251.983924219607
2025-06-23 11:04:52.204,2248.0169407633516
2025-06-23 12:00:54.611,2253.974295163499
2025-06-23 13:03:30.509,2260.8339229992466
2025-06-23 14:03:04.375,2290.832440036428
2025-06-23 15:01:07.145,2277.869496931928
2025-06-23 16:03:30.908,2251.7925268949275
2025-06-23 17:03:18.071,2217.7407372722205
2025-06-23 18:03:31.341,2273.7788139742524
2025-06-23 19:03:23.386,2306.305239270634
2025-06-23 20:03:37.165,2314.4565175869384
2025-06-23 21:03:37.376,2349.1750359628522
2025-06-23 22:03:21.634,2342.645522311115
2025-06-23 23:03:27.903,2406.7834866424587
2025-06-24 00:03:36.907,2419.4157387507407
2025-06-24 01:03:29.186,2403.2993306546978
2025-06-24 02:03:10.873,2412.395651632363
2025-06-24 03:03:50.444,2394.904054312656
2025-06-24 04:00:12.426,2402.9935556932787
2025-06-24 05:03:10.785,2403.2100539537973
2025-06-24 06:03:25.410,2422.350988629354
2025-06-24 07:03:39.790,2428.7295027238797
2025-06-24 08:07:39.513,2396.051200012572
2025-06-24 09:03:18.931,2403.3004299600307
2025-06-24 10:03:31.017,2417.813530207119
2025-06-24 11:02:48.552,2414.6924275486153
2025-06-24 12:03:31.505,2410.408749291522
2025-06-24 13:03:01.022,2415.4228599615935
2025-06-24 14:03:32.540,2419.7659501130074
2025-06-24 15:03:43.509,2432.3043140470836
2025-06-24 16:03:41.925,2439.46532603471
2025-06-24 17:03:20.786,2473.8362821636
2025-06-24 18:03:37.113,2459.4449139739886
2025-06-24 19:03:26.668,2440.8178700888584
2025-06-24 20:03:43.422,2429.1895261469394
2025-06-24 21:03:22.198,2448.4635146182204
2025-06-24 22:01:33.844,2444.1040879981433
2025-06-24 23:03:42.303,2442.0798745533075
2025-06-25 00:03:22.650,2447.328779483669
2025-06-25 01:03:20.157,2454.5679111625027
2025-06-25 02:03:46.438,2461.155398803223
2025-06-25 03:03:56.191,2454.018153214628
2025-06-25 04:02:44.071,2446.9626030371464
2025-06-25 05:02:11.198,2436.0962173571324
2025-06-25 06:03:13.138,2434.2696296363956
2025-06-25 07:02:58.955,2445.306763054265
2025-06-25 08:02:20.363,2446.501955524534
2025-06-25 09:03:12.043,2434.8303535095047
2025-06-25 10:03:23.411,2420.427074467249
2025-06-25 11:01:42.312,2426.4642859328133
2025-06-25 12:03:22.456,2429.3065623122757
2025-06-25 13:00:12.603,2424.355663735597
2025-06-25 14:00:18.877,2434.1995723151035
2025-06-25 15:01:30.913,2430.4943523443753
2025-06-25 16:03:18.385,2408.2891002220595
2025-06-25 17:03:42.888,2409.916177475118
2025-06-25 18:03:34.258,2421.7947428130096
2025-06-25 19:03:31.019,2419.0627202567343
2025-06-25 20:03:33.569,2432.201838310867
2025-06-25 21:03:24.094,2438.6691115840076
2025-06-25 22:04:39.221,2430.6748030738404
2025-06-25 23:03:36.604,2417.0411538231915
2025-06-26 00:03:19.157,2417.2267855277296
2025-06-26 01:00:11.069,2426.7686131911646
2025-06-26 02:03:07.250,2457.3305988843567
2025-06-26 03:03:49.020,2496.832401403541
2025-06-26 04:03:33.334,2488.9967593739375
2025-06-26 05:03:04.739,2478.4978021645725
2025-06-26 06:03:31.901,2475.4307741550197
2025-06-26 07:03:07.202,2486.780371937241
2025-06-26 08:03:23.566,2493.358117733322
2025-06-26 09:03:29.684,2488.0262002353957
2025-06-26 10:03:16.014,2465.5130448854675
2025-06-26 11:02:58.309,2453.678537976196
2025-06-26 12:03:36.111,2450.7680138321334
2025-06-26 13:03:33.235,2441.4006163588347
2025-06-26 14:03:33.427,2431.9782705357475
2025-06-26 15:03:40.492,2447.47400243411
2025-06-26 16:03:14.644,2433.0762119438295
2025-06-26 17:07:33.631,2430.0324534828237
2025-06-26 18:03:27.861,2424.9378263945628
2025-06-26 19:03:42.601,2426.0147544397337
2025-06-26 20:03:49.176,2436.7967978816605
2025-06-26 21:00:25.741,2447.6697720157113
2025-06-26 22:03:45.982,2413.3884830544184
2025-06-26 23:03:39.341,2415.1304364183457
2025-06-27 00:03:54.718,2415.797053365547
2025-06-27 01:03:38.762,2403.891536271654
2025-06-27 02:03:42.661,2427.2882617240466
2025-06-27 03:03:42.174,2438.6197754447435
2025-06-27 04:02:40.200,2447.2951184022804
2025-06-27 05:03:23.694,2451.1015875826183
2025-06-27 06:03:50.514,2439.59083395482
2025-06-27 07:03:44.905,2448.412716604901
2025-06-27 08:03:55.128,2442.3202886516074
2025-06-27 09:03:48.024,2449.3737972465856
2025-06-27 10:04:00.481,2459.9648293147884
2025-06-27 11:03:45.190,2448.5124539125522
2025-06-27 12:03:46.445,2446.4506141238758
2025-06-27 13:03:28.307,2433.578691594693
2025-06-27 14:03:19.896,2427.0361280606835
2025-06-27 15:03:29.166,2424.184717566072
2025-06-27 16:00:42.248,2439.485976058033
2025-06-27 17:03:55.531,2434.7010199699935
2025-06-27 18:03:29.713,2404.3376652330867
2025-06-27 19:03:50.521,2393.7413011092253
2025-06-27 20:03:49.904,2414.162546310647
2025-06-27 21:03:57.157,2425.880905586628
2025-06-27 22:03:54.082,2422.8601791996084
2025-06-27 23:03:49.708,2423.9114072998177
2025-06-28 00:00:31.816,2423.2313819057767
2025-06-28 01:03:36.230,2421.2528579761156
2025-06-28 02:03:44.068,2416.9669506889236
2025-06-28 03:03:28.659,2420.0361589782474
2025-06-28 04:05:19.787,2422.098784596362
2025-06-28 05:01:23.402,2420.977489394053
2025-06-28 06:03:42.003,2422.911488264068
2025-06-28 07:03:43.234,2427.096439018051
2025-06-28 08:03:35.863,2429.585027759702
2025-06-28 09:03:34.941,2423.615222959352
2025-06-28 10:03:36.896,2428.277145033737
2025-06-28 11:03:19.600,2426.5740870350082
2025-06-28 12:03:50.935,2428.1419418011
2025-06-28 13:02:11.089,2427.2635403122936
2025-06-28 14:03:35.969,2422.8697327041045
2025-06-28 15:03:34.175,2426.2170217615194
2025-06-28 16:00:41.538,2434.133348627018
2025-06-28 17:03:45.172,2435.185068980431
2025-06-28 18:02:11.106,2445.344307871937
2025-06-28 19:03:40.287,2437.3333530261293
2025-06-28 20:00:41.148,2434.381541595563
2025-06-28 21:03:33.735,2431.4649921290197
2025-06-28 22:03:38.122,2436.3449225232853
2025-06-28 23:03:49.559,2441.5400257773376
2025-06-29 00:03:13.613,2436.759750874758
2025-06-29 01:03:47.207,2439.703409492466
2025-06-29 02:03:28.001,2430.2604467633364
2025-06-29 03:03:54.580,2432.3703340899433
2025-06-29 04:03:56.291,2429.1634439807954
2025-06-29 05:03:38.898,2430.3238385650193
2025-06-29 06:00:40.502,2434.603285811192
2025-06-29 07:02:57.980,2436.19080983312
2025-06-29 08:03:38.816,2439.495837695806
2025-06-29 09:03:45.135,2444.055359036816
2025-06-29 10:03:14.166,2452.666157637029
2025-06-29 11:03:33.298,2457.06836505108
2025-06-29 12:03:45.823,2462.0390340429167
2025-06-29 13:01:52.268,2454.1983404768407
2025-06-29 14:03:45.483,2448.2449646636387
2025-06-29 15:00:12.480,2441.1361019306896
2025-06-29 16:03:20.687,2437.699686315074
2025-06-29 17:03:52.565,2435.670179165772
2025-06-29 18:00:41.074,2438.253992188121
2025-06-29 19:03:53.533,2439.7270894845906
2025-06-29 20:03:52.005,2438.060725646911
2025-06-29 21:00:34.304,2434.794236486697
2025-06-29 22:03:47.957,2435.9557003576165
2025-06-29 23:03:53.215,2502.2631847377525
2025-06-30 00:00:38.494,2502.26557948149
2025-06-30 01:03:47.438,2518.5891946415213
2025-06-30 02:01:00.119,2512.8160784645065
2025-06-30 03:01:31.341,2503.446489038093
2025-06-30 04:03:48.252,2501.334152302724
2025-06-30 05:03:32.201,2498.7750046418823
2025-06-30 06:03:19.768,2502.6009784278267
2025-06-30 07:03:28.249,2469.1020571527865
2025-06-30 08:01:04.200,2481.5646637485434
2025-06-30 09:03:46.099,2469.984819343014
2025-06-30 10:03:47.729,2456.614258835681
2025-06-30 11:02:38.943,2456.726364502981
2025-06-30 12:00:41.007,2461.247260420069
2025-06-30 13:03:40.304,2461.2308822944015
2025-06-30 14:03:13.729,2462.503203061169
2025-06-30 15:02:24.906,2446.9068625829377
2025-06-30 16:03:28.078,2474.8636629763423
2025-06-30 17:03:16.195,2472.3941389620386
2025-06-30 18:03:40.951,2483.591816958523
2025-06-30 18:34:59.000,2489.01721021216
